souq,top100producturl,price,title,description,productinformation,countreview,weightvalue,weightmeasure,longestest,shortest,median,rank,sales
8,https://www.amazon.com/Lusso-Gear-Organizer-Stitching-Compartments/dp/B07KQKBHGF/ref=pd_bxgy_263_3/144-9889044-4507860?_encoding=UTF8&pd_rd_i=B07KQKBHGF&pd_rd_r=7604b7dd-1cac-4846-b1f1-276a64cc143c&pd_rd_w=UammB&pd_rd_wg=WgQIo&pf_rd_p=09627863-9889-4290-b90a-5e9f86682449&pf_rd_r=F1KVRJG6PEVG4CS5Z6RX&psc=1&refRID=F1KVRJG6PEVG4CS5Z6RX,22.97,"Lusso Gear Car Seat Organizer for Front or Backseat with Black Stitching Great for Adults & Kids Featuring 9 Storage Compartments for Toys, Magazines, Tissues, Maps, Books, Documents, Games & More","PEACE OF MIND WHILE TRAVELING: Forget the days of messy back seats full of toys, spilled drinks and baby gear. With this smart car or trunk organizer you can tidy the back and front seat of your vehicle in just a few seconds! Keep everything you need inside the foldable container and travel in safety from now on! Your children couldn't be happier and you more relaxed!
MORE COMPARTMENTS MORE STORAGE SPACE: Our storage box was designed with your best in mind! We know how messy it can be when traveling. This storage organizer has 9 different compartments including 2 large main areas, 1 zippered pocket to safely hold the essentials and additional outer pockets, plus 4 built in cup holders for bottles.
ERGONOMIC HANDLES FOR EASY GRIP: We have meticulously designed this car seat organizer to make carrying and portability easy with 2 handles. You can either hold the organizer from the handles or place the seat belt through them for a more security. No more storage boxes sliding around and things falling on the floor. Your vehicle will finally be neat and tidy!
IT WILL HOLD ALL THE THINGS YOU NEED: Visiting friends out of town? Going camping or on a beach excursion with your family? This lightweight and compact organizer is a must! Place inside anything that might seem handy for your trip - cleansing wipes and tissues, drinks or snacks, card games, stuffed animals, nursery books or baby chewing toys. Need more? What about your electronics or books?
GET THIS FAMILY CAR SEAT ORGANIZER RISK FREE: Since the safety of our customers is a top priority, we went the extra mile to use only materials that are PAHS free and meet REACH criteria. Basically, we have crafted this organizer from the safest, odor and chemical free materials available. And for complete peace of mind, backed it with our Lifetime Money Back Guarantee policy!
› See more product details","Product information
Color:Gray
Technical Details
Brand Lusso Gear
Item Weight 1.85 pounds
Package Dimensions 10.1 x 10.1 x 1.7 inches
Manufacturer Part Number BSO-Gray
Additional Information
ASIN B07KQKBHGF
Customer Reviews
26 ratings
4.7 out of 5 stars
Best Sellers Rank #18,638 in Baby (See Top 100 in Baby)
#147 in Automotive Seat Back Organizers
Shipping Weight 1.85 pounds (View shipping rates and policies)
Date First Available November 16, 2016
Warranty & Support
Product Warranty: For warranty information about this product, please click here
Feedback
If you are a seller for this product, would you like to suggest updates through seller support?
Would you like to tell us about a lower price?",26,1.85,pounds,10.1,1.85,10.1,18638,1 (30 Days Avg)
10,https://www.amazon.com/dp/B07M9MCZYW/ref=sspa_dk_detail_9?psc=1&pd_rd_i=B07M9MCZYW&pd_rd_w=At62q&pf_rd_p=45a72588-80f7-4414-9851-786f6c16d42b&pd_rd_wg=BrowZ&pf_rd_r=30P1WPSNXHDRJTQ34RJV&pd_rd_r=c4bc91cd-136c-41af-bdcf-4a08aa947280&spLa=ZW5jcnlwdGVkUXVhbGlmaWVyPUFJME5PUkkzQlo2MUgmZW5jcnlwdGVkSWQ9QTA5MzY0NjcxOVRRSlJJTlg0Slc0JmVuY3J5cHRlZEFkSWQ9QTA2NzY2NDlUVDFDRENIQ0RVRkwmd2lkZ2V0TmFtZT1zcF9kZXRhaWwmYWN0aW9uPWNsaWNrUmVkaXJlY3QmZG9Ob3RMb2dDbGljaz10cnVl,24.97,NA,NA,NA,47,1.1,pounds,2,2,2,50259,1 every 3 days (30 Days Avg)
1,https://www.amazon.com/dp/B00DND2UFO/ref=sspa_dk_detail_3?psc=1&pd_rd_i=B00DND2UFO&pd_rd_w=aOOtD&pf_rd_p=45a72588-80f7-4414-9851-786f6c16d42b&pd_rd_wg=14Rk6&pf_rd_r=SV76VEAKYBNT9T4A16SC&pd_rd_r=3c86e97d-95bf-47b1-abf1-ac812db553aa&spLa=ZW5jcnlwdGVkUXVhbGlmaWVyPUFJNU5VTTVYNkZISFcmZW5jcnlwdGVkSWQ9QTA5MzY3MDQxNVdBWFJYTDRXOTAwJmVuY3J5cHRlZEFkSWQ9QTAxOTI5NzFPVk43WjA4V0JENEImd2lkZ2V0TmFtZT1zcF9kZXRhaWwmYWN0aW9uPWNsaWNrUmVkaXJlY3QmZG9Ob3RMb2dDbGljaz10cnVl,22.94,"Adam's Leather & Interior Conditioner 16oz - Conditions Leather, Vinyl, and Plastic Interior Surfaces - Contains Premium UV Blockers for SPF 65 Protection - Long Lasting Protection","✅ CONDITIONS LEATHER, VINYL, AND PLASTIC INTERIOR! When cleaning your car, the exterior is how outsiders can tell if you’ve done a decent job or not-- The inside is your interpretation! Over time, your interior components take a beating from passengers and collect dust and grime-- Protect your investment and make your leather and interior easier to clean for months!
✅ CONTAINS PREMIUM UV BLOCKERS FOR SPF 65 PROTECTION! We can’t always park our vehicles inside the garage or under shade, so our interior components are constantly in the sun! Harmful UV rays are detrimental to your dashboard, door panels, and seats-- Protect them with Adam’s Leather and Interior Conditioner and extend the life of your investment.
✅ NEW FORMULA PROVIDES RICHER COLOR AND LONGER LASTING PROTECTION! When we purchase a vehicle new, we’re always wowed by the plush feel and color of the leather components-- Keep up the classy feel of your vehicle with a longer lasting formula and increased depth and color with the new and improved formula! This non-greasy, satin-finish formula leaves your car leather looking better than new for months on end!
✅ FRESH FINE LEATHER SCENT! Everyone loves the fine, rich scent of leather, so it’s only fitting that our state of the art leather conditioner smells the part! Containing mink oil, moisturizers, and uv inhibitors, this is certain to be the only the Leather & Interior Conditioner you’ll ever need.
✅ 110% SATISFACTION GUARANTEE AND USA MADE! We pride ourselves on customer service and satisfaction and believe that this is THE BEST Leather & Interior Conditioner on the market! If you don’t agree, we’ll do everything we can to make it right. So good ahead, and order your bottle of Adam’s Leather & Interior Conditioner!
› See more product details","Product information
Size:16 oz
Technical Details
Brand Adam's Polishes
Item Weight 1.15 pounds
Package Dimensions 7.6 x 2.5 x 2.4 inches
Item model number LCON-16
Manufacturer Part Number LCON-16
Folding No
Additional Information
ASIN B00DND2UFO
Customer Reviews
85 ratings
4.4 out of 5 stars
Best Sellers Rank #62,555 in Automotive (See Top 100 in Automotive)
#339 in Leather Care Products
Shipping Weight 1.15 pounds (View shipping rates and policies)
Date First Available June 26, 2013
Feedback
If you are a seller for this product, would you like to suggest updates through seller support?
Would you like to tell us about a lower price?",68,1.15,pounds,16,1.15,7.6,62555,1 every 5 days (30 Days Avg)
3,https://www.amazon.com/dp/B07VB7VXDN/ref=sspa_dk_detail_4?psc=1&pd_rd_i=B07VB7VXDN&spLa=ZW5jcnlwdGVkUXVhbGlmaWVyPUEyN1NXNU9ST1g5MlFEJmVuY3J5cHRlZElkPUExMDA4MTkxMVRJMkpGRlE1VkFJQiZlbmNyeXB0ZWRBZElkPUEwNjUxNzgyQU4xQVpaMzYyMVI0JndpZGdldE5hbWU9c3BfZGV0YWlsJmFjdGlvbj1jbGlja1JlZGlyZWN0JmRvTm90TG9nQ2xpY2s9dHJ1ZQ==,39.99,"Cougar Motor Wireless H7 LED Headlight Bulb, 10000Lm 6500K Slim All-in-One Conversion Kit - Cool White","ULTRA BRIGHT: Custom-made ZES lighting source up to 10,000 Lm/pair, 6500K cool white, 300%+ brighter than halogen one, greatly enhancing luminous efficiency. More even & wider beam angle for safer nighttime driving.
PERFECT MATCH: Cougar Motor H7 LED headlight bulb in 1:1 size vs original halogen bulb, identical luminous position, still the perfect beam pattern, but performance exceeds! The most ideal LEDs to upgrade your headlight.
WORRY-FREE INSTALL: True All-in-one design. Wireless. No modification required. Plug and play on almost 100% vehicles in the world! Super quick start under any condition.
HEAT KILLS: Smartest air-cooling system ever, speedy side turbo fan for instant heat dissipation. Cutting-edge auto temp regulator delivers immediate cooling effect, extending lifespan to 30,000 hrs.
PREMIUM QUALITY: Tested and approved. Rugged airship-class aluminum full housing sustains 5 times tougher than ever. Works in all weather! IP67 waterproof, heatproof, anti-corrosion.
› See more product details","Product information
Technical Details
Brand Cougar Motor
Item Weight 8 ounces
Product Dimensions 5.4 x 2.2 x 4.6 inches
Item model number H7
Manufacturer Part Number CCD19-07-M3-H7-COU
OEM Part Number H7
Special Features Cougar Motor Wireless H7 LED Headlight, 10000 Lm w/ Prime ZES Chips, 6500K Cool White Light, Plug-N-Play for 99% Vehicles, Polarity-Free, IP67 Waterproof, Street legal. **NOTE: For some sensitive vehicles like newer Jeep, Dodge,some European vehicles, it may require to add anti flicker harness in addition. If you need, please just contact us.
Additional Information
ASIN B07VB7VXDN
Customer Reviews
31 ratings
4.3 out of 5 stars
Best Sellers Rank #10,676 in Automotive (See Top 100 in Automotive)
#150 in Headlight & Taillight Conversion Kits
Shipping Weight 8 ounces (View shipping rates and policies)
Date First Available July 17, 2019
Warranty & Support
Product Warranty: For warranty information about this product, please click here
Feedback
If you are a seller for this product, would you like to suggest updates through seller support?
Would you like to tell us about a lower price?",168,8,ounces,8,2.2,5.4,10676,2 (30 Days Avg)
5,https://www.amazon.com/dp/B07SN8KFHM/ref=sspa_dk_detail_2?psc=1&pd_rd_i=B07SN8KFHM&pd_rd_w=bnXVM&pf_rd_p=45a72588-80f7-4414-9851-786f6c16d42b&pd_rd_wg=z4n1n&pf_rd_r=XY3ZS6V89C4S5WM5VS0J&pd_rd_r=b9ffacd5-ee6e-445b-829e-ed0c288b4429&spLa=ZW5jcnlwdGVkUXVhbGlmaWVyPUExOEFaQVEzRlJQNjI4JmVuY3J5cHRlZElkPUEwNDAwODQ2MkE3NUMwRFBHMzhVSyZlbmNyeXB0ZWRBZElkPUEwNDMxNzE1M0Y0WUJKV0lMUjRJMCZ3aWRnZXROYW1lPXNwX2RldGFpbCZhY3Rpb249Y2xpY2tSZWRpcmVjdCZkb05vdExvZ0NsaWNrPXRydWU=,26.99,"Electric Jar Opener, Kitchen Gadget Strong Tough Automatic Jar Opener For New Sealed Jars,The Hands Free Jar Opener with Less Effort to Open",,"Product information
Package Dimensions 8.6 x 4.5 x 2.9 inches
Item Weight 14.4 ounces
Shipping Weight 14.4 ounces (View shipping rates and policies)
Manufacturer Besmon
ASIN B07SN8KFHM
Customer Reviews
76 ratings
4.0 out of 5 stars
Best Sellers Rank #11,278 in Kitchen & Dining (See Top 100 in Kitchen & Dining)
#23 in Jar Openers
Date first listed on Amazon June 3, 2019
Warranty & Support
Product Warranty: For warranty information about this product, please click here
Feedback
If you are a seller for this product, would you like to suggest updates through seller support?
Would you like to tell us about a lower price?",76,14.4,ounces,8.6,2.9,4.5,11278,2 (30 Days Avg)
14,https://www.amazon.com/dp/B07VB7VXDN/ref=sspa_dk_detail_0?psc=1&spLa=ZW5jcnlwdGVkUXVhbGlmaWVyPUEyRlpLQTg3MUdBTUs2JmVuY3J5cHRlZElkPUExMDE2MjM3MTMyTkdWVTM3NjRCRCZlbmNyeXB0ZWRBZElkPUEwNjUxNzgyQU4xQVpaMzYyMVI0JndpZGdldE5hbWU9c3BfZGV0YWlsMiZhY3Rpb249Y2xpY2tSZWRpcmVjdCZkb05vdExvZ0NsaWNrPXRydWU=,39.99,"Cougar Motor Wireless H7 LED Headlight Bulb, 10000Lm 6500K Slim All-in-One Conversion Kit - Cool White","ULTRA BRIGHT: Custom-made ZES lighting source up to 10,000 Lm/pair, 6500K cool white, 300%+ brighter than halogen one, greatly enhancing luminous efficiency. More even & wider beam angle for safer nighttime driving.
PERFECT MATCH: Cougar Motor H7 LED headlight bulb in 1:1 size vs original halogen bulb, identical luminous position, still the perfect beam pattern, but performance exceeds! The most ideal LEDs to upgrade your headlight.
WORRY-FREE INSTALL: True All-in-one design. Wireless. No modification required. Plug and play on almost 100% vehicles in the world! Super quick start under any condition.
HEAT KILLS: Smartest air-cooling system ever, speedy side turbo fan for instant heat dissipation. Cutting-edge auto temp regulator delivers immediate cooling effect, extending lifespan to 30,000 hrs.
PREMIUM QUALITY: Tested and approved. Rugged airship-class aluminum full housing sustains 5 times tougher than ever. Works in all weather! IP67 waterproof, heatproof, anti-corrosion.
› See more product details","Product information
Technical Details
Brand Cougar Motor
Item Weight 8 ounces
Product Dimensions 5.4 x 2.2 x 4.6 inches
Item model number H7
Manufacturer Part Number CCD19-07-M3-H7-COU
OEM Part Number H7
Special Features Cougar Motor Wireless H7 LED Headlight, 10000 Lm w/ Prime ZES Chips, 6500K Cool White Light, Plug-N-Play for 99% Vehicles, Polarity-Free, IP67 Waterproof, Street legal. **NOTE: For some sensitive vehicles like newer Jeep, Dodge,some European vehicles, it may require to add anti flicker harness in addition. If you need, please just contact us.
Additional Information
ASIN B07VB7VXDN
Customer Reviews
31 ratings
4.3 out of 5 stars
Best Sellers Rank #10,676 in Automotive (See Top 100 in Automotive)
#150 in Headlight & Taillight Conversion Kits
Shipping Weight 8 ounces (View shipping rates and policies)
Date First Available July 17, 2019
Warranty & Support
Product Warranty: For warranty information about this product, please click here
Feedback
If you are a seller for this product, would you like to suggest updates through seller support?
Would you like to tell us about a lower price?",31,8,ounces,8,2.2,5.4,10676,2 (30 Days Avg)
15,https://www.amazon.com/dp/B07VB7VXDN/ref=sspa_dk_detail_5?psc=1&pd_rd_i=B07VB7VXDN&pd_rd_w=wx3vR&pf_rd_p=45a72588-80f7-4414-9851-786f6c16d42b&pd_rd_wg=aGnEH&pf_rd_r=765GB04NQ4TH63AG74VH&pd_rd_r=ce7b7817-5c3b-4f0b-bb3c-53baaf981a30&spLa=ZW5jcnlwdGVkUXVhbGlmaWVyPUEyRlpLQTg3MUdBTUs2JmVuY3J5cHRlZElkPUEwMTM3NjM5MTlTM0dWTDVPTDM2WSZlbmNyeXB0ZWRBZElkPUEwNjUxNzgyQU4xQVpaMzYyMVI0JndpZGdldE5hbWU9c3BfZGV0YWlsJmFjdGlvbj1jbGlja1JlZGlyZWN0JmRvTm90TG9nQ2xpY2s9dHJ1ZQ==,39.99,"Cougar Motor Wireless H7 LED Headlight Bulb, 10000Lm 6500K Slim All-in-One Conversion Kit - Cool White","ULTRA BRIGHT: Custom-made ZES lighting source up to 10,000 Lm/pair, 6500K cool white, 300%+ brighter than halogen one, greatly enhancing luminous efficiency. More even & wider beam angle for safer nighttime driving.
PERFECT MATCH: Cougar Motor H7 LED headlight bulb in 1:1 size vs original halogen bulb, identical luminous position, still the perfect beam pattern, but performance exceeds! The most ideal LEDs to upgrade your headlight.
WORRY-FREE INSTALL: True All-in-one design. Wireless. No modification required. Plug and play on almost 100% vehicles in the world! Super quick start under any condition.
HEAT KILLS: Smartest air-cooling system ever, speedy side turbo fan for instant heat dissipation. Cutting-edge auto temp regulator delivers immediate cooling effect, extending lifespan to 30,000 hrs.
PREMIUM QUALITY: Tested and approved. Rugged airship-class aluminum full housing sustains 5 times tougher than ever. Works in all weather! IP67 waterproof, heatproof, anti-corrosion.
› See more product details","Product information
Technical Details
Brand Cougar Motor
Item Weight 8 ounces
Product Dimensions 5.4 x 2.2 x 4.6 inches
Item model number H7
Manufacturer Part Number CCD19-07-M3-H7-COU
OEM Part Number H7
Special Features Cougar Motor Wireless H7 LED Headlight, 10000 Lm w/ Prime ZES Chips, 6500K Cool White Light, Plug-N-Play for 99% Vehicles, Polarity-Free, IP67 Waterproof, Street legal. **NOTE: For some sensitive vehicles like newer Jeep, Dodge,some European vehicles, it may require to add anti flicker harness in addition. If you need, please just contact us.
Additional Information
ASIN B07VB7VXDN
Customer Reviews
31 ratings
4.3 out of 5 stars
Best Sellers Rank #10,676 in Automotive (See Top 100 in Automotive)
#150 in Headlight & Taillight Conversion Kits
Shipping Weight 8 ounces (View shipping rates and policies)
Date First Available July 17, 2019
Warranty & Support
Product Warranty: For warranty information about this product, please click here
Feedback
If you are a seller for this product, would you like to suggest updates through seller support?
Would you like to tell us about a lower price?",31,8,ounces,8,2.2,5.4,10676,2 (30 Days Avg)
16,https://www.amazon.com/dp/B07VB7VXDN/ref=sspa_dk_detail_0?psc=1&spLa=ZW5jcnlwdGVkUXVhbGlmaWVyPUEyRlpLQTg3MUdBTUs2JmVuY3J5cHRlZElkPUExMDE2MjM3MTMyTkdWVTM3NjRCRCZlbmNyeXB0ZWRBZElkPUEwNjUxNzgyQU4xQVpaMzYyMVI0JndpZGdldE5hbWU9c3BfZGV0YWlsMiZhY3Rpb249Y2xpY2tSZWRpcmVjdCZkb05vdExvZ0NsaWNrPXRydWU=,39.99,"Cougar Motor Wireless H7 LED Headlight Bulb, 10000Lm 6500K Slim All-in-One Conversion Kit - Cool White","ULTRA BRIGHT: Custom-made ZES lighting source up to 10,000 Lm/pair, 6500K cool white, 300%+ brighter than halogen one, greatly enhancing luminous efficiency. More even & wider beam angle for safer nighttime driving.
PERFECT MATCH: Cougar Motor H7 LED headlight bulb in 1:1 size vs original halogen bulb, identical luminous position, still the perfect beam pattern, but performance exceeds! The most ideal LEDs to upgrade your headlight.
WORRY-FREE INSTALL: True All-in-one design. Wireless. No modification required. Plug and play on almost 100% vehicles in the world! Super quick start under any condition.
HEAT KILLS: Smartest air-cooling system ever, speedy side turbo fan for instant heat dissipation. Cutting-edge auto temp regulator delivers immediate cooling effect, extending lifespan to 30,000 hrs.
PREMIUM QUALITY: Tested and approved. Rugged airship-class aluminum full housing sustains 5 times tougher than ever. Works in all weather! IP67 waterproof, heatproof, anti-corrosion.
› See more product details","Product information
Technical Details
Brand Cougar Motor
Item Weight 8 ounces
Product Dimensions 5.4 x 2.2 x 4.6 inches
Item model number H7
Manufacturer Part Number CCD19-07-M3-H7-COU
OEM Part Number H7
Special Features Cougar Motor Wireless H7 LED Headlight, 10000 Lm w/ Prime ZES Chips, 6500K Cool White Light, Plug-N-Play for 99% Vehicles, Polarity-Free, IP67 Waterproof, Street legal. **NOTE: For some sensitive vehicles like newer Jeep, Dodge,some European vehicles, it may require to add anti flicker harness in addition. If you need, please just contact us.
Additional Information
ASIN B07VB7VXDN
Customer Reviews
31 ratings
4.3 out of 5 stars
Best Sellers Rank #10,676 in Automotive (See Top 100 in Automotive)
#150 in Headlight & Taillight Conversion Kits
Shipping Weight 8 ounces (View shipping rates and policies)
Date First Available July 17, 2019
Warranty & Support
Product Warranty: For warranty information about this product, please click here
Feedback
If you are a seller for this product, would you like to suggest updates through seller support?
Would you like to tell us about a lower price?",31,8,ounces,8,2.2,5.4,10676,2 (30 Days Avg)
17,https://www.amazon.com/dp/B07VB7VXDN/ref=sspa_dk_detail_0?psc=1&spLa=ZW5jcnlwdGVkUXVhbGlmaWVyPUEyRlpLQTg3MUdBTUs2JmVuY3J5cHRlZElkPUExMDE2MjM3MTMyTkdWVTM3NjRCRCZlbmNyeXB0ZWRBZElkPUEwNjUxNzgyQU4xQVpaMzYyMVI0JndpZGdldE5hbWU9c3BfZGV0YWlsMiZhY3Rpb249Y2xpY2tSZWRpcmVjdCZkb05vdExvZ0NsaWNrPXRydWU=,39.99,"Cougar Motor Wireless H7 LED Headlight Bulb, 10000Lm 6500K Slim All-in-One Conversion Kit - Cool White","ULTRA BRIGHT: Custom-made ZES lighting source up to 10,000 Lm/pair, 6500K cool white, 300%+ brighter than halogen one, greatly enhancing luminous efficiency. More even & wider beam angle for safer nighttime driving.
PERFECT MATCH: Cougar Motor H7 LED headlight bulb in 1:1 size vs original halogen bulb, identical luminous position, still the perfect beam pattern, but performance exceeds! The most ideal LEDs to upgrade your headlight.
WORRY-FREE INSTALL: True All-in-one design. Wireless. No modification required. Plug and play on almost 100% vehicles in the world! Super quick start under any condition.
HEAT KILLS: Smartest air-cooling system ever, speedy side turbo fan for instant heat dissipation. Cutting-edge auto temp regulator delivers immediate cooling effect, extending lifespan to 30,000 hrs.
PREMIUM QUALITY: Tested and approved. Rugged airship-class aluminum full housing sustains 5 times tougher than ever. Works in all weather! IP67 waterproof, heatproof, anti-corrosion.
› See more product details","Product information
Technical Details
Brand Cougar Motor
Item Weight 8 ounces
Product Dimensions 5.4 x 2.2 x 4.6 inches
Item model number H7
Manufacturer Part Number CCD19-07-M3-H7-COU
OEM Part Number H7
Special Features Cougar Motor Wireless H7 LED Headlight, 10000 Lm w/ Prime ZES Chips, 6500K Cool White Light, Plug-N-Play for 99% Vehicles, Polarity-Free, IP67 Waterproof, Street legal. **NOTE: For some sensitive vehicles like newer Jeep, Dodge,some European vehicles, it may require to add anti flicker harness in addition. If you need, please just contact us.
Additional Information
ASIN B07VB7VXDN
Customer Reviews
31 ratings
4.3 out of 5 stars
Best Sellers Rank #10,676 in Automotive (See Top 100 in Automotive)
#150 in Headlight & Taillight Conversion Kits
Shipping Weight 8 ounces (View shipping rates and policies)
Date First Available July 17, 2019
Warranty & Support
Product Warranty: For warranty information about this product, please click here
Feedback
If you are a seller for this product, would you like to suggest updates through seller support?
Would you like to tell us about a lower price?",31,8,ounces,8,2.2,5.4,10676,2 (30 Days Avg)
11,https://www.amazon.com/BAFX-Products-Reader-Diagnostics-Devices/dp/B078K54MT5/ref=pd_bxgy_263_3/144-9889044-4507860?_encoding=UTF8&pd_rd_i=B078K54MT5&pd_rd_r=e011019c-1e18-49a2-81a1-969ac8c72023&pd_rd_w=H1cFm&pd_rd_wg=zRrMa&pf_rd_p=09627863-9889-4290-b90a-5e9f86682449&pf_rd_r=E2A9H06QSYK9919FQ8X2&psc=1&refRID=E2A9H06QSYK9919FQ8X2,26.99,"BAFX Products Wireless WiFi OBD2 / OBDII Code Reader & Scanner for iOS Devices (iPhone, iPad) Read & Clear Your Check Engine Light & More!","NEW! - The BAFX products OBD reader, WiFi version, for use with iOS (Apple) devices! If you have Android or Windows devices we still recommend our Bluetooth version. Now all Apple users can enjoy the same great benefits of our OBD reader with the WiFi version for iOS! Please note, when using our WiFi OBD reader you cannot also obtain internet through WiFi at the same time.
EASY - Super easy iOS setup instructions included along with links to simple to follow setup videos for both iOS & Android! You will need to purchase a 3rd party app to use the OBD reader with. These apps range in price from $10-$50 depending on your needs. Please contact BAFX Products for a list of recommended apps.
READ & CLEAR - Read & clear your vehicles ""Check Engine Light"" easily and quickly to determine the problem with your vehicle and get it fixed. No more trips to the dealer or auto parts store for diagnosis! Please note, it cannot read or clear ABS/SRS/TPMS/VSC or any other non-OBD2 related lights.
WORKS - Works with ALL consumer vehicles purchased in the USA that are model year 1996 or newer, we GUARANTEE it! Unlike other brands who may or may not work with J1850 or CAN vehicles. If your vehicle was not purchased in the USA, please contact BAFX Products with where the vehicle was purchased so they can help determine compatibility for you.
WARRANTY - 2 Year manufacturer Warranty against all manufacturing defects! Yes, you heard that right, TWO full years! Our super simple Warranty process is very easy, stress free and fast! BAFX Products also offer all USA based support! Need help? Have questions? Having problems? Get in touch with BAFX Products and one of their friendly staff is ready and waiting to help!
› See more product details","Product information
Technical Details
Brand BAFX Products
Model (for iOS Devices)
Item Weight 3.2 ounces
Package Dimensions 4.4 x 3.2 x 1.5 inches
Item model number 8523900508
Manufacturer Part Number BAFX1278
Cover Included 1
Additional Information
ASIN B078K54MT5
Customer Reviews
556 ratings
4.5 out of 5 stars
Best Sellers Rank #1,022 in Automotive (See Top 100 in Automotive)
#20 in Code Readers & Scan Tools
Shipping Weight 3.2 ounces (View shipping rates and policies)
Date First Available December 21, 2017
Warranty & Support
Product Warranty: For warranty information about this product, please click here
Feedback
If you are a seller for this product, would you like to suggest updates through seller support?
Would you like to tell us about a lower price?",556,3.2,ounces,4.4,3.2,3.2,1022,26 (30 Days Avg)
2,https://www.amazon.com/dp/B07YXYY239/ref=sspa_dk_detail_5?psc=1&pd_rd_i=B07YXYY239&pd_rd_w=VI106&pf_rd_p=45a72588-80f7-4414-9851-786f6c16d42b&pd_rd_wg=h9ev1&pf_rd_r=10EFAVYH4F7WK6XKXK6P&pd_rd_r=ed3c6613-25f4-4e63-8feb-500517ba0313&spLa=ZW5jcnlwdGVkUXVhbGlmaWVyPUEyTkFUMUUxVzdTTVcyJmVuY3J5cHRlZElkPUEwNjQ5OTM5MThLMzA1QzEzMjRNSCZlbmNyeXB0ZWRBZElkPUEwMDEwODg3MURIQzRTUjA1NlI1SCZ3aWRnZXROYW1lPXNwX2RldGFpbCZhY3Rpb249Y2xpY2tSZWRpcmVjdCZkb05vdExvZ0NsaWNrPXRydWU=,34.99,"H11 H8 H9 LED Headlight Bulbs CREE-Chips MINI Size 12,000Lm 6000k AUHDER All-in-One Super Bright Conversion Kit White Pack of 2","[Super Bright] 40W and 6,000Lm per led H11, 6000k white H11 LED bulb. Using customized CREE-Chips, each H11 led headlight bulb can light up xenon white, with perfect light output. Our LED bulb is 400% brighter than stock H11 bulb, and is compatible with h8, h9 and h11 sockets.
[Perfect Beam Pattern] Same beam pattern as H11 halogen lamps. AUHDER’s LEDs are super focused. The max light output helps you see clearer, wider and farther, so you can enjoy one of the brightest lighting performances and have a comfortable driving experience at night.
[Plug and Play] Mini sized lamp body. A halogen-like size means it’s easier to install. These h11 headlight bulbs are made to fit directly into stock housing and factory sockets, so there is no hassle on the installation.
[CAN Bus Built-in] CAN Bus Built-in makes our h11 led headlight bulbs compatible with 99%of vehicle systems, upgrading drivers with built-in intelligent IC and temperature control. These ensure lamps are working at the best ability without errors or radio interference.
[Cooling Fan] Whole aviation aluminum body (including Chuck) and a 13,000RPM turbo cooling fan provide enough cooling ability to ensure the H11 led bulb white bulbs lasting up to 30,000 hours.
› See more product details","Product information
Technical Details
Brand AUHDER
Item Weight 7.2 ounces
Package Dimensions 4.9 x 4.9 x 2 inches
Manufacturer Part Number HL-A1
Additional Information
ASIN B07YXYY239
Customer Reviews
86 ratings
4.7 out of 5 stars
Best Sellers Rank #8,234 in Automotive (See Top 100 in Automotive)
#420 in Automotive Light Bulbs
Shipping Weight 7.2 ounces (View shipping rates and policies)
Date First Available October 10, 2019
Warranty & Support
Product Warranty: For warranty information about this product, please click here
Feedback
If you are a seller for this product, would you like to suggest updates through seller support?
Would you like to tell us about a lower price?",168,7.2,ounces,7.2,4.9,4.9,8234,3 (30 Days Avg)
6,https://www.amazon.com/dp/B07YXYY239/ref=sspa_dk_detail_2?psc=1&pd_rd_i=B07YXYY239&pd_rd_w=0jpZY&pf_rd_p=45a72588-80f7-4414-9851-786f6c16d42b&pd_rd_wg=4sliX&pf_rd_r=7Y9PZZ7A5Y7Y3KF3AQ71&pd_rd_r=172ab4d4-4c1c-413a-ad6e-6b9214d7a723&spLa=ZW5jcnlwdGVkUXVhbGlmaWVyPUEyNlJWWVpRM1hZSDBIJmVuY3J5cHRlZElkPUEwMzg0OTI2M01MQ0FGODRJQlk5VCZlbmNyeXB0ZWRBZElkPUEwMDEwODg3MURIQzRTUjA1NlI1SCZ3aWRnZXROYW1lPXNwX2RldGFpbCZhY3Rpb249Y2xpY2tSZWRpcmVjdCZkb05vdExvZ0NsaWNrPXRydWU=,34.99,"H11 H8 H9 LED Headlight Bulbs CREE-Chips MINI Size 12,000Lm 6000k AUHDER All-in-One Super Bright Conversion Kit White Pack of 2","[Super Bright] 40W and 6,000Lm per led H11, 6000k white H11 LED bulb. Using customized CREE-Chips, each H11 led headlight bulb can light up xenon white, with perfect light output. Our LED bulb is 400% brighter than stock H11 bulb, and is compatible with h8, h9 and h11 sockets.
[Perfect Beam Pattern] Same beam pattern as H11 halogen lamps. AUHDER’s LEDs are super focused. The max light output helps you see clearer, wider and farther, so you can enjoy one of the brightest lighting performances and have a comfortable driving experience at night.
[Plug and Play] Mini sized lamp body. A halogen-like size means it’s easier to install. These h11 headlight bulbs are made to fit directly into stock housing and factory sockets, so there is no hassle on the installation.
[CAN Bus Built-in] CAN Bus Built-in makes our h11 led headlight bulbs compatible with 99%of vehicle systems, upgrading drivers with built-in intelligent IC and temperature control. These ensure lamps are working at the best ability without errors or radio interference.
[Cooling Fan] Whole aviation aluminum body (including Chuck) and a 13,000RPM turbo cooling fan provide enough cooling ability to ensure the H11 led bulb white bulbs lasting up to 30,000 hours.
› See more product details","Product information
Technical Details
Brand AUHDER
Item Weight 7.2 ounces
Package Dimensions 4.9 x 4.9 x 2 inches
Manufacturer Part Number HL-A1
Additional Information
ASIN B07YXYY239
Customer Reviews
86 ratings
4.7 out of 5 stars
Best Sellers Rank #8,464 in Automotive (See Top 100 in Automotive)
#431 in Automotive Light Bulbs
Shipping Weight 7.2 ounces (View shipping rates and policies)
Date First Available October 10, 2019
Warranty & Support
Product Warranty: For warranty information about this product, please click here
Feedback
If you are a seller for this product, would you like to suggest updates through seller support?
Would you like to tell us about a lower price?",94,7.2,ounces,7.2,4.9,4.9,8464,3 (30 Days Avg)
12,https://www.amazon.com/dp/B07V25MZHV/ref=sspa_dk_detail_1?psc=1&pd_rd_i=B07V25MZHV&pd_rd_w=73xRC&pf_rd_p=45a72588-80f7-4414-9851-786f6c16d42b&pd_rd_wg=EfJg6&pf_rd_r=YC4VQJ5KVYKN4E27ZG6T&pd_rd_r=2754ffa0-a299-45df-b9e0-82341cec192a&spLa=ZW5jcnlwdGVkUXVhbGlmaWVyPUExUDNEV0xWSzAxRlY0JmVuY3J5cHRlZElkPUEwNjA2ODU3MVVPNVE0VjdHSU1TMCZlbmNyeXB0ZWRBZElkPUEwMzMxMTgzMUFBS0VDOEhONk5aTiZ3aWRnZXROYW1lPXNwX2RldGFpbCZhY3Rpb249Y2xpY2tSZWRpcmVjdCZkb05vdExvZ0NsaWNrPXRydWU=,39.99,Chemical Guys WAC22916 HydroSlick SiO2 Ceramic Coating HyperWax,"UNLIKE ANY WAX YOU'VE EVER USED BEFORE: In order to create a product that offers the shine, protection, and durability of a ceramic with the ease of use as a wax, we had to invent a whole new category: a Hyper Wax.
FIRST EVER HYPERWAX: A Hyper Wax combines the ease of use, shine, depth and clarity of a wax combined with the longevity, beading, and slickness of a ceramic coating.
LATEST IN GEL SUSPENSION TECHNOLOGY: Hydro Slick uses the latest in SiO2 gel suspension technology to totally re-engineer the makeup of a ceramic coating and reinvent it as an extremely user-friendly and durable coating that anyone can apply.
HYDROPHOBIC WATER BEADING: Hydro Slick uses ceramic SiO2 nanotechnology to seal the pores of your car’s paint, creating a perfect layer where water behavior becomes highly and excessively active, resulting in rapid water acceleration off any treated surface.
YEAR ROUND PROTECTION: The durable shield helps protect against road grime, water spots, industrial fallout, road tar, bird droppings, pollutants, brake dust, tree sap, road tar, overspray, and more for up to one year.
INTENSE CRYSTALLINE HYPER SHINE: By filling in microscopic surface imperfections, Hydro Slick creates a super smooth surface that reflects light back at you with unparalleled shine like only a true ceramic can!
THE EASIEST CERAMIC EVER: Easy to use ultra fast applications means anyone can apply and get ceramic protection in just minutes!
Show more","Product information
Style:HyperWax
Technical Details
Brand Chemical Guys
Model HydroSlick SiO2 Ceramic Coating HyperWax
Item Weight 1.2 pounds
Package Dimensions 7.7 x 2.4 x 2.4 inches
Item model number WAC22916
Manufacturer Part Number WAC22916
Cover Included Product
Additional Information
ASIN B07V25MZHV
Customer Reviews
141 ratings
4.4 out of 5 stars
Best Sellers Rank #584 in Automotive (See Top 100 in Automotive)
#4 in Waxes
Shipping Weight 1.2 pounds (View shipping rates and policies)
Date First Available September 11, 2019
Warranty & Support
Manufacturer’s warranty can be requested from customer service. Click here to make a request to customer service.
Feedback
If you are a seller for this product, would you like to suggest updates through seller support?
Would you like to tell us about a lower price?",1242,1.2,pounds,7.7,1.2,2,584,38 (30 Days Avg)
13,https://www.amazon.com/dp/B07K6YKZBK/ref=sspa_dk_detail_6?psc=1&pd_rd_i=B07K6YKZBK&pd_rd_w=NQ60K&pf_rd_p=45a72588-80f7-4414-9851-786f6c16d42b&pd_rd_wg=ol6ST&pf_rd_r=452FQ75G9TGX0FQY880C&pd_rd_r=ab474c69-614e-48f0-81bd-15597426f392&spLa=ZW5jcnlwdGVkUXVhbGlmaWVyPUFKRVVIME5FWUtZNDMmZW5jcnlwdGVkSWQ9QTA0NzQ5NjgySUNCRUlZM05KS09MJmVuY3J5cHRlZEFkSWQ9QTAxNDI2OTIzVlQyUE9QQVFUSlgxJndpZGdldE5hbWU9c3BfZGV0YWlsJmFjdGlvbj1jbGlja1JlZGlyZWN0JmRvTm90TG9nQ2xpY2s9dHJ1ZQ==,28.99,"Car Windshield Cover for Ice and Snow -Wiper Protector -Waterproof Car Windshield Forst Cover for SUV, Vans, Truck Universal Cars- Sturdy-Self Storage Pouch-Keep Your Vehicle Exterior Ice Free & Clean","Upgraded Material :Heavy duty 600D oxford cloth,fire retardant materials,much thicker than normal 210T polyester, better tear resistance and durable use.Soft inner material, no scratches on windscreen.
100% Waterproof :High level PVC coating 100% waterproof material, protect your windshield from snow/ice/frost all winter,save your time in the busy morning,no need to remove the snow by scraper.Keeping Snow and Ice snow will not leak into the car through the cover.
Non Magnetic Scratch: Cancel all magnets to avoid scratching your paint.Also with two elastic straps and 30 cm extra long side flaps that wrap inside car doors to keep it in place.
Four Seasons General :Prevent frost, snow or ice piled up on the windshield in winter, blocks UV Rays and keep cool in summer,block dust in spring and keep away from fallen leaves in autumn. With its ultra-thick design, also can be used as portable mat indoors or outdoors.
Universal Fit :75”L x 0.1”W x 42.25”H inches large size,quilted and very easy to fit. Fits most sedan cars,estate, hatchback and SUVs. Please measure your car before purchase.
› See more product details","Product information
Technical Details
Brand EcoNour
Item Weight 1.78 pounds
Package Dimensions 14.1 x 11.8 x 1.8 inches
Manufacturer Part Number ECOSNOWSHADE02
Additional Information
ASIN B07K6YKZBK
Customer Reviews
62 ratings
4.7 out of 5 stars
Best Sellers Rank #7,053 in Automotive (See Top 100 in Automotive)
#37 in Automotive Windshield Snow Covers
Shipping Weight 1.78 pounds (View shipping rates and policies)
Date First Available November 4, 2018
Warranty & Support
Product Warranty: For warranty information about this product, please click here
Feedback
If you are a seller for this product, would you like to suggest updates through seller support?
Would you like to tell us about a lower price?",325,1.78,pounds,14.1,1.78,11.8,7053,4 (30 Days Avg)
19,https://www.amazon.com/dp/B081R6VFMD/ref=sspa_dk_detail_4?psc=1&pd_rd_i=B081R6VFMD&pd_rd_w=iTPPd&pf_rd_p=45a72588-80f7-4414-9851-786f6c16d42b&pd_rd_wg=u38X3&pf_rd_r=FAHAKS6KGB9Z7GEFA26X&pd_rd_r=194c59df-d062-4474-9e79-4b9e0b0fceaf&spLa=ZW5jcnlwdGVkUXVhbGlmaWVyPUEyTEVSVkdEME5SQzRHJmVuY3J5cHRlZElkPUEwNTE1OTE5MTMyQ09OTlZTT1EyOCZlbmNyeXB0ZWRBZElkPUEwMDMwOTc5MkpJUk5IOTZGVzNKVyZ3aWRnZXROYW1lPXNwX2RldGFpbCZhY3Rpb249Y2xpY2tSZWRpcmVjdCZkb05vdExvZ0NsaWNrPXRydWU=,24.99,"Foval Digital Tire Pressure Gauge 150 PSI for Car Truck Bicycle Instant Read with Backlit LCD and Non-Slip Grip, 4 Pack","Backlit LCD display and lighted airtight nozzle that seals the valve stem on Schrader valves, visible in dimly light areas.
Quick and accurate readings in 0. 1 increments; 4 settings with range: 0-150PSI / 0-10Bar / 0-10Kgf/cm² or 0-1000KPA.
Digital tire pressure gauge with instant display and automatic turn-off after 30-40s standby. designed to maintain correct tire pressure.
Ergonomic design and non-slip texture suitable for both men and women's hands. Press ""ON/SWITCH/OFF"" button to turn on the tool, select the range to test the tire pressure.
Ideal car accessories gifts for men, especially in birthdays, Christmas and Father’s day, compatible for cars, trucks, bicycles and motorcycles but doesn’t work with presta stems. NOTE: these 4 gauges are packed in 1 box.
› See more product details","Product information
Item Package Quantity:4
Technical Details
Brand Foval
Item Weight 8.8 ounces
Product Dimensions 5.9 x 3.1 x 3.9 inches
Manufacturer Part Number TPG-01
Additional Information
ASIN B081R6VFMD
Customer Reviews
3 ratings
4.6 out of 5 stars
Best Sellers Rank #6,691 in Automotive (See Top 100 in Automotive)
#45 in Analog Tire Pressure Gauges
#114 in Tire Repair Tools
Shipping Weight 8.8 ounces (View shipping rates and policies)
Date First Available November 19, 2019
Warranty & Support
Product Warranty: For warranty information about this product, please click here
Feedback
If you are a seller for this product, would you like to suggest updates through seller support?
Would you like to tell us about a lower price?",10,8.8,ounces,8.8,4,5.9,6691,4 (30 Days Avg)
21,https://www.amazon.com/Swigzy-Holder-Expander-Adapter-Adjustable/dp/B0752DZ1SB/ref=pd_bxgy_263_3/144-9889044-4507860?_encoding=UTF8&pd_rd_i=B0752DZ1SB&pd_rd_r=ed5a8caa-2be3-418d-bdc4-06dfce05093b&pd_rd_w=hpwnb&pd_rd_wg=aeQFg&pf_rd_p=09627863-9889-4290-b90a-5e9f86682449&pf_rd_r=16HAV6X3F0RA9MS1V6GR&psc=1&refRID=16HAV6X3F0RA9MS1V6GR,25.99,Swigzy Car Cup Holder Expander Adapter with Adjustable Base - Rubber Tabs Hold Most 32 - 40 oz Bottles and Large Cups,"EXTENDABLE BASE: Insert is expandable from 2.5""-3.75"" in diameter to fit many different automotive cupholders. It also works great for golf-carts, motorcycles, boats, trucks, and RV's.
RUBBER TABS SECURELY HOLD 3.4""-3.8"" DIAMETER BOTTLES: The rubber tabs are firm enough to keep your bottle from tipping over while driving, yet soft enough to let you easily remove your bottle when you want a drink.
EXTENDER DESIGNED FOR OVERSIZE (3.4""-3.8"" diameter) BOTTLES: Adapter works best with bottles/cups 3.4""-3.8"" in diameter and fits most 32 oz. - 40 oz. water bottles. Slot on side allows mugs with handles to fit.
ONE YEAR WARRANTY: The adapter is made from high quality ABS and is designed to handle even the most rugged driving conditions. We stand behind our product 100%
EASY TO ADD OR REMOVE FROM CUP HOLDER: Just twist the top of the adapter to expand or retract the base, allowing you to add or remove the adapter like a pro! (SEE PRODUCT DESCRIPTION TO MAKE SURE THE ADAPTER WILL FIT YOUR VEHICLES CUP HOLDERS)
› See more product details","Product information
Technical Details
Brand Swigzy
Item Weight 10.1 ounces
Product Dimensions 4.4 x 4.4 x 6.2 inches
Item model number 13
Manufacturer Part Number CH-1
Folding No
Vehicle Service Type All of the above
Additional Information
ASIN B0752DZ1SB
Customer Reviews
864 ratings
4.6 out of 5 stars
Best Sellers Rank #509 in Automotive (See Top 100 in Automotive)
#3 in Automotive Cup Holders
Shipping Weight 12 ounces (View shipping rates and policies)
Date First Available August 22, 2017
Warranty & Support
Product Warranty: For warranty information about this product, please click here
Feedback
If you are a seller for this product, would you like to suggest updates through seller support?
Would you like to tell us about a lower price?",864,12,ounces,10.1,4.4,4.4,509,49 (30 Days Avg)
4,https://www.amazon.com/dp/B000BMWXZM/ref=sspa_dk_detail_9?psc=1&pd_rd_i=B000BMWXZM&pd_rd_w=BanmO&pf_rd_p=45a72588-80f7-4414-9851-786f6c16d42b&pd_rd_wg=sccZp&pf_rd_r=VT4EPJ490ZNQB9XKGN9X&pd_rd_r=e8e784bf-4503-4f4f-9332-66693f4a9e93&spLa=ZW5jcnlwdGVkUXVhbGlmaWVyPUExTkpRVURXWkVJTzdaJmVuY3J5cHRlZElkPUEwMjY5MTY5MzFERlhFNFlOUkcxNyZlbmNyeXB0ZWRBZElkPUEwMzAzMzc5WFZCU0lRWkJZSk5aJndpZGdldE5hbWU9c3BfZGV0YWlsJmFjdGlvbj1jbGlja1JlZGlyZWN0JmRvTm90TG9nQ2xpY2s9dHJ1ZQ==,24.95,"Lifehammer Brand Car Safety Hammer, The Original Emergency Escape and Rescue Tool with Seatbelt Cutter, Made in The Netherlands, Orange (2-Pack)","A high-quality car escape tool to help prevent automotive entrapment
Double-sided, steel hammer heads breaks through side and rear windows
Razor-sharp blade cuts easily through safety belts
Includes a mounting bracket for installation
A fluorescent pin glows in the dark for easy retrieval
› See more product details","Product information
Color:Orange
Technical Details
Brand Lifehammer
Item Weight 5 ounces
Product Dimensions 8 x 3 x 3 inches
Item model number dd313
Manufacturer Part Number dd313
Folding No
CAPA Certified TÜV Certified, GS Mark
Safety Rating TÜV Certified, GS Mark
Additional Information
ASIN B000BMWXZM
Customer Reviews
430 ratings
4.5 out of 5 stars
Best Sellers Rank #5,202 in Automotive (See Top 100 in Automotive)
#23 in Automotive Escape Tools
Shipping Weight 9.6 ounces (View shipping rates and policies)
Domestic Shipping Currently, item can be shipped only within the U.S. and to APO/FPO addresses. For APO/FPO shipments, please check with the manufacturer regarding warranty and support issues.
International Shipping This item can be shipped to select countries outside of the U.S. Learn More
Date First Available November 22, 2006
Warranty & Support
Warranty, Parts:Parts
Product Warranty: For warranty information about this product, please click here
Feedback
If you are a seller for this product, would you like to suggest updates through seller support?
Would you like to tell us about a lower price?",430,9.6,ounces,8,3,5,5202,5 (30 Days Avg)
0,https://www.amazon.com/Leather-Honey-Conditioner-Furniture-Accessories/dp/B003IS3HV0/ref=zg_bs_automotive_7?_encoding=UTF8&psc=1&refRID=XNCFE96KH0WM9JP2PNG7,59.59,"Leather Honey Leather Conditioner, Best Leather Conditioner Since 1968. for Use on Leather Apparel, Furniture, Auto Interiors, Shoes, Bags and Accessories. Non-Toxic and Made in The USA!","OUR LEATHER CONDITIONER WAS INVENTED OVER 50 YEARS AGO WITH MILLIONS OF HAPPY CUSTOMERS. Same time-tested formula used today!
ONE TREATMENT LASTS SIX MONTHS OR LONGER. Deeply penetrates into the leather's pores to protect new leather and rejuvenate old leather. Softens, moisturizes and promotes flexibility leaving your leather feeling and looking beautiful! A little goes a long way; no need to reapply monthly as with other products.
THIS LEATHER CONDITIONER PROLONGS THE LIFE OF ALL TYPES OF LEATHER, including leather furniture and upholstery, automobile and motorcycle seats, boots, gloves, purses, jackets, saddles and tack. Non-toxic, non-solvent, not sticky, no odor and does not contain silicone. Water, snow and rain repellent formula. Not for use on suede or faux leather/vinyl.
UNLIMITED 100% SATISFACTION GUARANTEE. If you're not satisfied, return the product at any time for a full refund.
A LEATHER CONDITIONER THAT IS MADE IN THE USA by a small family business owned by the grandchildren of the original inventor. Use with Leather Honey Leather Cleaner, also available on Amazon!
› See more product details","Product information
Size:8 oz
Technical Details
Brand Leather Honey Leather Conditioner
Item Weight 5 ounces
Product Dimensions 5.9 x 2.8 x 1.2 inches
Item model number 5783400203
Manufacturer Part Number 5783400203
Folding No
Special Features Leather
Additional Information
ASIN B003IS3HV0
Customer Reviews
6,522 ratings
4.4 out of 5 stars
Best Sellers Rank #7 in Automotive (See Top 100 in Automotive)
#1 in Leather Care Products
Shipping Weight 5 ounces (View shipping rates and policies)
Date First Available April 23, 2010
Warranty & Support
Warranty, Parts:Parts
Product Warranty: For warranty information about this product, please click here
Feedback
If you are a seller for this product, would you like to suggest updates through seller support?
Would you like to tell us about a lower price?",6522,5,ounces,8,5,5.9,7,71 (30 Days Avg)
7,https://www.amazon.com/ULEEKA-Organizer-Protectors-Universal-Accessories/dp/B07NY9H3GP/ref=zg_bs_automotive_33?_encoding=UTF8&psc=1&refRID=QB33FQTRMNDBWNZRKCSF,21.99,"ULEEKA Car Backseat Organizer with 10"" Table Holder, 9 Storage Pockets Seat Back Protectors Kick Mats for Kids Toddlers, Travel Accessories, Black, 2 Pack","Large Car Organizer : 24” x 16” inch perfect size for all types of vehicles; Adjustable top and bottom straps that remain hidden and out of the way so the front seat passenger and driver don’t feel them. Easy to clean the dirty prints on them, just need a wet cloth to clean it up. Water-resistant, machine-washable fabric for easy care
9 Storage Backseat Pockets: Multiple storage compartments to handy storage of snack foods, children toys, water bottles, drinks, books, magazines, CD in it, more storage pockets than others sellers, give you more storage space and keep the car nice and neat
Touch Screen Table Holder: The large built-in car tablet holder can hold any tablet up to 10 inches. Not only do you get an iPad car holder, but an unbeatable car organization and a car full of happy passengers
Durable Material: The back seat protector uses improved stronger 600D Polyester, waterproof frosted PVC, Not only protect your seats from scratches, spills, stains, scuff marks, mud, dirt, and getting worn out, but the extra-long, adjustable straps with quick-release buckles give a universal quick fit in any vehicle
Enjoy The Guarantee: You will get 2 pack of car backseat organizer + 1 year warranty guaranty, no-hassle free replacement and refund guarantee, 24 hours quick reply
› See more product details","Product information
Technical Details
Brand ULEEKA
Item Weight 10.4 ounces
Product Dimensions 5 x 5 x 0.7 inches
Item model number ULEEKA001
Manufacturer Part Number ULEEKA001
Additional Information
ASIN B07NY9H3GP
Customer Reviews
749 ratings
4.8 out of 5 stars
Best Sellers Rank #33 in Automotive (See Top 100 in Automotive)
#1 in Automotive Seat Back Organizers
Shipping Weight 1.09 pounds (View shipping rates and policies)
Date First Available February 22, 2019
Warranty & Support
Product Warranty: For warranty information about this product, please click here
Feedback
If you are a seller for this product, would you like to suggest updates through seller support?
Would you like to tell us about a lower price?",749,1.09,pounds,10.4,5,5,33,71 (30 Days Avg)
18,https://www.amazon.com/Chemical-Guys-CWS20316-Foaming-Upholstery/dp/B06XPSP2HS/ref=zg_bs_automotive_69?_encoding=UTF8&psc=1&refRID=95CJCKT6TMEX00DDZ2AM,59.59,"Chemical Guys CWS_103 Foaming Citrus Fabric Clean Carpet & Upholstery Shampoo (16oz), 16. Fluid_Ounces","Fabric cleaner: cleans cloth, carpet, upholstery, and more
Stain Remover breaks down set in stains
High sudsing foaming action lifts dirt & stains
Removes foul odors and helps prevent new ones over time
Restores a like new look and feel to fabrics and interior cloth surfaces
Breaks down and removes stubborn stains
Works on indoor and outdoor fabric, upholstery and carpet
Show more","Product information
Size:16 oz
Technical Details
Brand Chemical Guys
Item Weight 1.22 pounds
Product Dimensions 10 x 2.5 x 2.5 inches
California residents Click here for Proposition 65 warning
Item model number CWS_103_16
Manufacturer Part Number CWS_103_16
OEM Part Number CWS-103-16
Cover Included Product
Additional Information
ASIN B06XPSP2HS
Customer Reviews
562 ratings
4.6 out of 5 stars
Best Sellers Rank #69 in Automotive (See Top 100 in Automotive)
#1 in Carpet Cleaners
Shipping Weight 1.25 pounds
Date First Available March 16, 2017
Warranty & Support
Warranty, Parts:Parts
Product Warranty: For warranty information about this product, please click here
Feedback
If you are a seller for this product, would you like to suggest updates through seller support?
Would you like to tell us about a lower price?",562,1.25,pounds,16,1.22,10,69,71 (30 Days Avg)
20,https://www.amazon.com/Lexol-Leather-Conditioner-Cleaner-Kit/dp/B07LGVZLP9/ref=zg_bs_automotive_75?_encoding=UTF8&psc=1&refRID=PGH4E01A6ZW5KDZR1TX8,59.59,"Lexol Conditioner Cleaner Kit, Use on Car Leather, Furniture, Shoes, Bags, and Accessories, Quick & Easy Step Regimen, 8 oz Bottles, Includes Two Application Sponges","Easily clean and condition leather to renew its appearance and prolong suppleness with this 2-step Lexol Leather Regimen Kit
Kit contains: (1) 8 oz. bottle of All Leather Deep Cleaner, (1) 8 oz. bottle of All Leather Deep Conditioner, and 2 Premium Applicator Sponges
Cleaner restores and revives leather by lifting dirt and oils, allowing them to be easily wiped away
Conditioner contains fine oil droplets that nourish, restore flexibility, and protect leather against cracking without leaving greasy residue
Easy-to-use cap dispenses, Ideal for use on: leather auto upholstery, footwear, furniture, handbags & briefcases, sports equipment and luggage
› See more product details","Product information
Style:New: 8 oz Kit
Technical Details
Brand Lexol
Model Lexol Leather Conditioner and Leather Cleaner Kit, Use on Car Leather, Furniture, Shoes, Bags, and Accessories, Quick &
Item Weight 1.5 pounds
Product Dimensions 4 x 5.4 x 7.1 inches
Item model number Leather Conditioner and Cleaner Kit
Manufacturer Part Number E301521800
Cover Included Complete Two-Step Leather Regimen Cleans and Conditions Car Interior
Special Features Cleans and Conditions, Trusted Since 1933, Non-Toxic
Additional Information
ASIN B07LGVZLP9
Customer Reviews
1,206 ratings
4.4 out of 5 stars
Best Sellers Rank #75 in Automotive (See Top 100 in Automotive)
#8 in Leather Care Products
Shipping Weight 1.5 pounds
Date First Available December 18, 2018
Warranty & Support
Product Warranty: For warranty information about this product, please click here
Feedback
If you are a seller for this product, would you like to suggest updates through seller support?
Would you like to tell us about a lower price?",1206,1.5,pounds,8,1.5,4,75,71 (30 Days Avg)
22,https://www.amazon.com/Bickmore-Gard-More-Water-Repellent-Neutral/dp/B000HHLM9E/ref=zg_bs_automotive_86?_encoding=UTF8&psc=1&refRID=28W6CCJ4F1GZXT158KEX,59.59,"Bickmore Gard-More Water & Stain Repellent 5.5oz- Leather Protector and Suede Protector Waterproofing Spray Guard for Boots, Shoes, Clothing, Hats, Jackets & More","SUPERIOR WATERPROOF TREATMENT- Bickmore’s Gard-More Water & Stain Repellent has been specially formulated to add a protective layer to your valued goods helping guard against water and stains while minimizing rub off and scuffing.
WORKS ON LEATHER, SUEDE, FABRIC, FELT, NUBUCK AND MORE- Protecting against dirt, water & stains on all colors of hats, coats, footwear, tack, jackets, shells, gloves, furniture, luggage, car upholstery, boat seats and more
BREATHABLE: Gard-More provides a strong invisible layer of protection, while still allowing the material to breathe, keeping leather and other materials flexible and looking their best.
MADE IN THE USA: Bickmore is proud to make all Bickmore Gard-More Aerosol in the United States of America.
› See more product details","Product information
Size:5 oz
Technical Details
Brand Bickmore
Item Weight 6.4 ounces
Product Dimensions 2 x 2 x 6.8 inches
Item model number 50-6025
Manufacturer Part Number 10FPR130
Folding No
Cover Included repellent
Special Features water-resistant
Additional Information
ASIN B000HHLM9E
Customer Reviews
232 ratings
4.5 out of 5 stars
Best Sellers Rank #86 in Automotive (See Top 100 in Automotive)
#1 in Horse Tack Care
Shipping Weight 6.4 ounces
Date First Available January 16, 2007
Feedback
If you are a seller for this product, would you like to suggest updates through seller support?
Would you like to tell us about a lower price?",232,6.4,ounces,6.4,2,5,86,71 (30 Days Avg)
23,https://www.amazon.com/Apple-Brand-Repellent-Conditioner-Protector/dp/B00B6F9KXG/ref=zg_bs_automotive_93?_encoding=UTF8&psc=1&refRID=68CG1AVX3T9AM4YV4GW4,59.59,"Apple Brand Garde Rain & Stain Water Repellent - Protector Spray For Handbags, Purses, Shoes, Boots, Accessories, Furniture - Won't Alter Color - Great For Vachetta","SAFE FROM RAIN & STAINS: Garde will make sure that your handbag and shoes are safe if you get caught in the rain. By forming an invisible protective layer, Garde keeps your products free from water spots, salt stains, body oil, grease, perspiration, coffee, wine, and any other dangers to your leather goods.
WON’T AFFECT APPEARANCE: Apple Brand Garde will not alter the color or shade of your products, or leave any sticky or gummy residues. Our products are trusted by some of the biggest names in fashion and are recommended time and time again for their gentle yet effective care on leathers and fabrics.
USE ON ALL YOUR FAVORITE PRODUCTS: Great for handbags, purses, heels, flats, shoes, boots, wallets, belts, furniture, car interiors, and more!
MADE IN USA - SATISFACTION GUARANTEED: We are proud to keep all of our manufacturing and customer service in the USA and stand behind all of our products 100%. If for any reason you are unsatisfied with your order please let us know and we will be sure to make it right!
› See more product details","Product information
Technical Details
Brand Apple Brand
Item Weight 7 ounces
Package Dimensions 6.4 x 2 x 2 inches
Item model number 13
Manufacturer Part Number 4332947318
Special Features Leather
Additional Information
ASIN B00B6F9KXG
Customer Reviews
709 ratings
4.4 out of 5 stars
Best Sellers Rank #93 in Automotive (See Top 100 in Automotive)
#11 in Leather Care Products
Shipping Weight 7 ounces
Date First Available May 11, 2012
Warranty & Support
Product Warranty: For warranty information about this product, please click here
Feedback
If you are a seller for this product, would you like to suggest updates through seller support?
Would you like to tell us about a lower price?",709,7,ounces,7,2,6.4,93,71 (30 Days Avg)
9,https://www.amazon.com/270-pcs-Adhesive-Assortment-MILAPEAK/dp/B0771K1Z7Q/ref=pd_bxgy_263_3/144-9889044-4507860?_encoding=UTF8&pd_rd_i=B0771K1Z7Q&pd_rd_r=96b0b89a-70ee-4114-9e48-ef4a3a2c8379&pd_rd_w=EtFdA&pd_rd_wg=Cw40s&pf_rd_p=09627863-9889-4290-b90a-5e9f86682449&pf_rd_r=AADBN870X81W7TQTXV80&psc=1&refRID=AADBN870X81W7TQTXV80,25.99,"270pcs 3:1 Dual Wall Adhesive Heat Shrink Tubing Kit, 5 Sizes (Diameter): 3/8, 1/4, 3/16, 1/8, 3/32 inch, Marine Wire Cable Sleeve Tube Assortment with Storage Case for DIY by MILAPEAK (Black & Red)","★【Versatile & DIY Helper】- Multiple sizes high-quality heat shrink tubing for your choose, they can be used for solder joint protection, group of lines marking, resistance electric capacity reason protection etc. Note: Make sure temperature of your heat gun is up to 212℉(Fahrenheit), then glue inside will soften and seal the connection.
★【Safe & ECO-Friendly】- Our heat shrink tubes are both UL & CSA certified for up to 600V, 257 degrees Fahrenheit which ensures its safe and reliable. They are also RoHS Compliant, Formaldehyde (HCHO) Free, protect you and your famaily from toxins.
★【Customized Protector】- Our heat shrink tubing has the advantages of good electrical insulation, good tightness and corrosion resistance, High temperature resistance. Especially the Heat activated adhesive lining provides impermeable seal to salt water and other liquids, which hase better performance when you and your kids DIY.
★【Fast & Easy Use】- Are you bothered by the fact that wrapping cable wire connection with electric tape which is ugly and not safe enough. Now the good news is that our heat shrink tubing can avoid these troubles and give you a tidy connection. It is 3:1 heat shrink ratio, and will shrink up to 1/3 of original, only use a lighter heating if the tube is small or hair dryer heating for large one. Also Includes handy plastic container for easy organization and storage.
★【What You Get】- Total 270pcs heat shrink tubes, 5 Sizes, DIA: 3/8""(8pcs), 1/4""(12pcs), 3/16""(20pcs), 1/8""(80pcs), 3/32""(150pcs), Comes with storage box, our worry-free 12-month and friendly customer service.","Product information
Product Dimensions 7.7 x 5.3 x 1.5 inches
Item Weight 8 ounces
Shipping Weight 8 ounces (View shipping rates and policies)
ASIN B0771K1Z7Q
Customer Reviews
664 ratings
4.7 out of 5 stars
Best Sellers Rank #2 in Industrial Tubing
#2 in Industrial Heat-Shrink Tubing
Feedback
If you are a seller for this product, would you like to suggest updates through seller support?
Would you like to tell us about a lower price?",664,8,ounces,7.7,1.5,5.3,2,More than 71 (30 Days Avg)
