,top100producturl,price,title,description,productinformation,countreview,weightvalue,weightmeasure,longestest,shortest,median,rank,sales
0,https://www.amazon.com/Kenra-Platinum-Blow-Dry-Spray-6-8-Fluid/dp/B005BEF5EQ/ref=pd_bxgy_194_2/140-8643050-4685636?_encoding=UTF8&pd_rd_i=B005BEF5EQ&pd_rd_r=11cca941-3488-47ed-b0c9-e4ae9407ddf6&pd_rd_w=uJZD7&pd_rd_wg=YmtqZ&pf_rd_p=09627863-9889-4290-b90a-5e9f86682449&pf_rd_r=ZPET1FAP2RY0R6TGNKW9&psc=1&refRID=ZPET1FAP2RY0R6TGNKW9,33.0,"Kenra Platinum Blow-Dry Spray, 6.8-Ounce","Dramatically decreases blow-dry time by 50%
Provides intense heat protection from damage and breakage
Lightweight formulation detangles, smoothes, and softens
Eliminates frizz and resists humidity
Provides long-lasting, healthy looking results","Product details
Size: 6.8-ounce
Product Dimensions: 1.6 x 2.4 x 8.1 inches ; 6.9 ounces
Shipping Weight: 8.6 ounces (View shipping rates and policies)
Domestic Shipping: Currently, item can be shipped only within the U.S. and to APO/FPO addresses. For APO/FPO shipments, please check with the manufacturer regarding warranty and support issues.
International Shipping: This item is not eligible for international shipping. Learn More
ASIN: B005BEF5EQ
UPC: 014926180265 887135511935 885333925189 014926240266 885121237913 602419075596 793379269252
Item model number: 014926180265
Average Customer Review:
2,167 customer reviews
Amazon Best Sellers Rank: #73 in Beauty & Personal Care (See Top 100 in Beauty & Personal Care)
#1 in Hair Sprays
Would you like to tell us about a lower price?",2641.0,6.8,ounce,8.1,1.6,2.4000000000000004,73,71 (30 Days Avg)
1,https://www.amazon.com/dp/B07Y3TNT36/ref=sspa_dk_detail_0?psc=1&pd_rd_i=B07Y3TNT36&pd_rd_w=WFAJy&pf_rd_p=45a72588-80f7-4414-9851-786f6c16d42b&pd_rd_wg=GPdhF&pf_rd_r=7VEP54KH7QJB962HNKM6&pd_rd_r=9703faf9-56f8-4092-bd82-e7e74d41b195&spLa=ZW5jcnlwdGVkUXVhbGlmaWVyPUEyQVVHNVBJVDFaQ0NZJmVuY3J5cHRlZElkPUEwNDc2OTQ1Mk1VRzQ3OThBU1pKWCZlbmNyeXB0ZWRBZElkPUEwNTk4OTc2MzdWVUxLV0hUN0VCNCZ3aWRnZXROYW1lPXNwX2RldGFpbCZhY3Rpb249Y2xpY2tSZWRpcmVjdCZkb05vdExvZ0NsaWNrPXRydWU=,53.99,"Hot Air Brush, Hair Dryer Brush, One Step Hair Dryer & Volumizer, Curler Combo with Interchangeable Brush Head, Anti-scald Negative Ion Hair Straightener Brush, Low Noise Design","【Interchangeable Brush Head Design】THREE-IN-ONE hot air brush kit includes 1x2 inch brush head for straightening and volumizing, 1x 1-1/2 curly hair brush head, 1x 1 inch curly hair brush head. They are interchangeable to accommodate all your different styling demand. 1000W, 110V.
【4 in 1 Multifunctional】 It is a perfect combination of drying, curling, straightening, and volumizing. 4 in 1 one step hair dryer brush for blow drying and hair styling, easily creates volume in your hair. Efficient & Time Saving for salon blowouts at home.
【Customizable Settings】 3 temperature settings and 2 speed settings are available for flexible styling. Settings can be adjusted for use on all hair types. High heat to thick hair, low heat for fine hair. Easy operation and friendly to beginner.
【Noise Reduction Design】The Romancelink hair dryer brush volumizer has been improved to reduce the noise in use by optimizing the structure of shell, motor, fan assembly and hole array. Let you enjoy the moment of drying and styling.
【Safety Protection】The curling dryer brush adopts temperature controller, thermal cutoff and heating elements with protective function. Provide you safe and comfort experience in use.","Product details
Color: Kit A
Shipping Weight: 1.8 pounds (View shipping rates and policies)
ASIN: B07Y3TNT36
UPC: 778862041058
Average Customer Review:
49 customer reviews
Amazon Best Sellers Rank: #5,375 in Beauty & Personal Care (See Top 100 in Beauty & Personal Care)
#42 in Hot-Air Hair Brushes
Product Warranty: For warranty information about this product, please click here
Would you like to tell us about a lower price?",3.0,1.8,pounds,2.0,2.0,2.0,5375,5 (30 Days Avg)
2,https://www.amazon.com/dp/B07QCN5PB5/ref=sspa_dk_detail_0?psc=1&pd_rd_i=B07QCN5PB5&spLa=ZW5jcnlwdGVkUXVhbGlmaWVyPUExVlFWUTcxSFdaS1hLJmVuY3J5cHRlZElkPUEwMzM5MTMxSjBaRjY5RUlXR0szJmVuY3J5cHRlZEFkSWQ9QTA5NTMyNzEzMDU4NTdXUFFJTUY0JndpZGdldE5hbWU9c3BfZGV0YWlsJmFjdGlvbj1jbGlja1JlZGlyZWN0JmRvTm90TG9nQ2xpY2s9dHJ1ZQ==,32.99,"Growom One Step Hot Air Brush, Hair Dryer, Straightener, Curler, Hair Styler, Designer and Volumizer, with 3 Pcs Black and 3 Pcs Pink Plastic Alligator Hairgrips for All Hairstyles","Convenient Hair Dryer: Comparing with traditional hair dryer, Growom hot-air brush can be used for combing hair while drying the hair by correct heat setting without hurting beautiful hair. Brush design can place the hot-air brush closer to the scalp for lift and save much drying time.
Economical Comb Massager: Saving money on going to massage store and get simple scalp massaged by Growom hot-air brush at home because of Nylon Pin and Tufted bristle design. These designs can continually stimulate hair follicles when you are using Growom hot-air brush.
Creative Technology: Newest ionic technology can reduce frizz, static and the injury from dryer, and keep your hair smooth, silky and shiny.
Ergonomic Design: Oval brush design and tangle-free 360 degrees swivel cord design help you easily design hairstyles without any negative effect from products. Growom one-step hot air brush can dry and design your hair in minutes in outdoor and indoor places.
Beauty Designer Assistant: Growom hot-air brush would be a great assistant and help you design your beautiful hairstyles. Perfectly work for simply curling hair, strengthening hair and smoothing hair.",NA,3.0,1.6,pounds,15.0,3.0,3.0,24332,1 every 2 days (30 Days Avg)
3,https://www.amazon.com/dp/B07Z6S15Z5/ref=sspa_dk_detail_2?psc=1&pd_rd_i=B07Z6S15Z5&spLa=ZW5jcnlwdGVkUXVhbGlmaWVyPUExVlFWUTcxSFdaS1hLJmVuY3J5cHRlZElkPUEwMzM5MTMxSjBaRjY5RUlXR0szJmVuY3J5cHRlZEFkSWQ9QTA3MjE0NjMzU09XN1M3M1czM0cxJndpZGdldE5hbWU9c3BfZGV0YWlsJmFjdGlvbj1jbGlja1JlZGlyZWN0JmRvTm90TG9nQ2xpY2s9dHJ1ZQ==,29.5,Beauty Hair Brush Dryer - Hairdryer/Straightener/Blowdryer/Volume/Straightening/Styling - Blow Dryers - Hot Volumizing Hairbrush - Amazing Salon Drying - Hair Blower - Volumize Hair dryer - Pro Styler,"SALON QUALITY HAIR! This professional quality hair dryer brush will bring salon quality hair right to you! Tourmaline Technology helps give you that smooth, silky feeling that you get when you leave the salon! So whether you need this for personal use when you're getting ready, want a high quality hair dryer for when you're on the road, or even if you're a professional hair stylist that needs a new hairdrying brush for work, this is the product you've been looking for!
VERSATILITY AND MULTI-PURPOSE USE! Our high quality hair dryer brush delivers the professional performance you've been looking for! Hair drying, curling, straightening and volumizing can all be achieved with this amazing tool! Give your hair the beautiful shine and volume it deserves! Long hair is no longer difficult to manage or dry with this product. Now you can leave the house with that salon style quality hair every day of the week! Blowdrying your hair can finally be fun and stress free!
HOW IT WORKS! This multipurpose hair dryer brush delivers incredible performance! It has 3 heating and temperature settings allowing you to fine tune performance and helps reduce moisture in your hair for faster hairdrying and less damage to your hair! It uses Tourmaline Technology which is a unique crystal process that produces a high volume of negative ions when combined with infra-red heat to prevent less damage to hair cuticles, creating a smoother, silkier finish!
A WONDERFUL GIFT TO GIVE! Gone are the days of struggling with your long, messy, seemingly unmanageable hair. This high quality hairdrying brush makes everything easy! So why not share this awesome, professional grade dryer with your friends or loved ones? Share the gift of salon quality hair with friends, family, coworkers and whoever else you think should be looking their best all the time! This makes a fantastic gift for anyone looking to take care of their hair while eliminating the hassle!
U.S.A. Design and Testing: While our products are manufactured overseas (let's be honest, what isn't these days..) ALL of our DESIGN AND TESTING was done right here in the United States. Our USA customer service team stands by to provide you with exceptional, lightning quick responses to your every concern. Your satisfaction is our #1 priority.",NA,3.0,1.4,pounds,2.0,2.0,2.0,67600,1 every 5 days (30 Days Avg)
4,https://www.amazon.com/dp/B07S7WFYK7/ref=sspa_dk_detail_6?psc=1&pd_rd_i=B07S7WFYK7&spLa=ZW5jcnlwdGVkUXVhbGlmaWVyPUExVlFWUTcxSFdaS1hLJmVuY3J5cHRlZElkPUEwMzM5MTMxSjBaRjY5RUlXR0szJmVuY3J5cHRlZEFkSWQ9QTA5MzAyNDkyMk8yUTdEUVJLWTJTJndpZGdldE5hbWU9c3BfZGV0YWlsJmFjdGlvbj1jbGlja1JlZGlyZWN0JmRvTm90TG9nQ2xpY2s9dHJ1ZQ==,29.99,"Hair Dryer Brush, One Step Hot Air Brush & Volumizer 3-IN-1 Blow Dryer, Hair Straightener and Curler, Salon Negative Ion for Fast Drying Smooth Frizz and Static Hair","【3-IN-1 One Step Hair Dryer Brush】Use it as a blow dryer,hair styler, hair straightener, make your hair curly or wavy and straighten it of course. Perfect for dry as well as wet hair and all hair types.
【Negative Lonic Technology】Negative Ionic technology reduces the build-up of static electricity in the hair, along with tangle-free antistatic bristles, completely eliminates frizz and enhances shine for silky smooth hair.
【Unique Oval Brush Designed】Hair curling & straightening brush is designed with Nylon Pin & Tufted Bristles is ideal for smoothing your hair while round edges create smooth volume and curled ends.The 360° swivel cord allows high flexibility to move freely without the cord becoming tangled and damaged.
【Multiple Heat Settings】3 adjustable heat-levels for different hair types, high heat to thick hair, low heat for fine hair, flexible setting to lock in your beautiful hairstyle.This volumizer can be placed closer to the scalp for lift.
【Money Back Guarantee】the ionic hair brush has a 12-month warranty!If you’re not satisfied with our product, please feel free to contact us, We’ll make it right and process a refund for you.",NA,3.0,1.6,pounds,2.0,2.0,2.0,129143,1 every 29 days (30 Days Avg)
5,https://www.amazon.com/dp/B01AE215DO/ref=sspa_dk_detail_5?psc=1&pd_rd_i=B01AE215DO&pd_rd_w=o522R&pf_rd_p=45a72588-80f7-4414-9851-786f6c16d42b&pd_rd_wg=g3RnR&pf_rd_r=J2Q5JRWBFVHTTBF5SG1N&pd_rd_r=53950e28-b17c-4721-83d2-8bb08d013a7a&smid=A2CVWHWEU4ZVPO&spLa=ZW5jcnlwdGVkUXVhbGlmaWVyPUExM1VCMThQSkRGUFdYJmVuY3J5cHRlZElkPUEwNzI4NDE5Mk9EU1YyM1VLWVVXWSZlbmNyeXB0ZWRBZElkPUEwNTMzMzMzMVhOUVRRMEYxR1BRNCZ3aWRnZXROYW1lPXNwX2RldGFpbCZhY3Rpb249Y2xpY2tSZWRpcmVjdCZkb05vdExvZ0NsaWNrPXRydWU=,23.88,"Cleansing and Makeup Remover Wipes with Vitamin E, 45 Pack (in Organza Bag)",,NA,31.0,6.4,ounce,2.0,2.0,2.0,47190,1 every 3 days (30 Days Avg)
6,https://www.amazon.com/dp/B07WC7BQNX/ref=sspa_dk_detail_3?psc=1&pd_rd_i=B07WC7BQNX&spLa=ZW5jcnlwdGVkUXVhbGlmaWVyPUEyRlVSVFhQS0lYR0xWJmVuY3J5cHRlZElkPUEwNDQwMjUxM0RGVVY0UFFGTVFTOSZlbmNyeXB0ZWRBZElkPUExMDQxMDA0OEJHWjREMVJJOEVZJndpZGdldE5hbWU9c3BfZGV0YWlsJmFjdGlvbj1jbGlja1JlZGlyZWN0JmRvTm90TG9nQ2xpY2s9dHJ1ZQ==,25.0,4.2oz Clinique_Dramatically Different Moisturizing Lotion +With Pump (Very Dry to Dry Combination;) 1 Pack,4.2oz Clinique - Dramatically Different Moisturizing Lotion + (Very Dry to Dry Combination; With Pump) 1 Pack,"Product details
Color: 1 Packs
Shipping Weight: 5.6 ounces (View shipping rates and policies)
ASIN: B07WC7BQNX
Average Customer Review:
17 customer reviews
Amazon Best Sellers Rank: #5,924 in Beauty & Personal Care (See Top 100 in Beauty & Personal Care)
#127 in Body Lotions
Product Warranty: For warranty information about this product, please click here
Would you like to tell us about a lower price?",1480.0,5.6,ounce,2.0,2.0,2.0,5924,4 (30 Days Avg)
7,https://www.amazon.com/dp/B0787JFF4Y/ref=sspa_dk_detail_2?psc=1&pd_rd_i=B0787JFF4Y&pd_rd_w=QAGx2&pf_rd_p=45a72588-80f7-4414-9851-786f6c16d42b&pd_rd_wg=4zqwF&pf_rd_r=W2B24GKA340V41AAE51V&pd_rd_r=34ece42c-d11d-4a3b-9ea6-3e91a97512b0&spLa=ZW5jcnlwdGVkUXVhbGlmaWVyPUFRNERTUzZZQjVYNk0mZW5jcnlwdGVkSWQ9QTAyNTMzMTQyQUtBWkc5UFpCSTNRJmVuY3J5cHRlZEFkSWQ9QTAxMDIzNDJWSzhKRFBHRENSNEwmd2lkZ2V0TmFtZT1zcF9kZXRhaWwmYWN0aW9uPWNsaWNrUmVkaXJlY3QmZG9Ob3RMb2dDbGljaz10cnVl,24.01,"Crest Pro Health Intense Mouthwash, Clean Mint, 16.8 Fluid Ounce (Pack of 4)","99% Germ Kill with no medicinal taste
Cooling sensation
Keeps teeth clean longer
Freshens breath
Fights plaque & gingivitis","Product details
Size: Pack of 4 | Style Name: Clean Mint
Product Dimensions: 2.4 x 3.7 x 8.8 inches ; 1.34 pounds
Shipping Weight: 5.5 pounds (View shipping rates and policies)
Domestic Shipping: Currently, item can be shipped only within the U.S. and to APO/FPO addresses. For APO/FPO shipments, please check with the manufacturer regarding warranty and support issues.
International Shipping: This item can be shipped to select countries outside of the U.S. Learn More
ASIN: B0787JFF4Y
Average Customer Review:
20 customer reviews
Amazon Best Sellers Rank: #79,345 in Health & Household (See Top 100 in Health & Household)
#394 in Mouthwashes
Manufacturer’s warranty can be requested from customer service. Click here to make a request to customer service.
Would you like to tell us about a lower price?",239.0,1.34,pounds,8.8,2.4,3.6999999999999993,79345,1 every 10 days (30 Days Avg)
8,https://www.amazon.com/dp/B01LYD4W8J/ref=sspa_dk_detail_10?psc=1&pd_rd_i=B01LYD4W8J&spLa=ZW5jcnlwdGVkUXVhbGlmaWVyPUEyNlpTV1JQUk02SFoxJmVuY3J5cHRlZElkPUExMDMxOTEzM0VPODJHSlBHSTIzRiZlbmNyeXB0ZWRBZElkPUEwNjk3MjgzMjdHTDM2UFVYQjVXMiZ3aWRnZXROYW1lPXNwX2RldGFpbCZhY3Rpb249Y2xpY2tSZWRpcmVjdCZkb05vdExvZ0NsaWNrPXRydWU=,24.95,Bright White Smiles - 35% Teeth Whitening Kit - Tooth Gel Whitener and Trays Included - Made in the USA - Ships from Oral Care Dental Laboratory,"COMPLETE AT HOME TEETH WHITENING KIT – Our kit includes everything you need for pearl white teeth and a bright smile. The enamel safe, professional strength premium teeth whitening gel will start making a difference in just minutes. You will be able to see impressive results with our 35% Carbamide Peroxide gel in only 15 minutes or less.
AFFORDABLE TEETH WHITENING – No more expensive teeth whitening sessions. Our kit comes with enough gel for 15 at home treatments. Saving you thousands of dollars.
GREAT VALUE – Five (5) Large 3ml High Quality Gel Tubes (15 treatments) – Two (2) DIY Mouth Trays (1 Set) – Instructions Manual - LED Accelerator Light Sold Separately
SIMPLE and CONVENIENT – Form the trays to fit your teeth in a few minutes and just add gel for a simple and convenient smile make over. You will start noticing results after the very first treatment.
REMOVES COFFEE, WINE, AND TOBACCO STAINS – Get rid of those ugly stains for a younger and healthier smile. You will start noticing results immediately. Our 35% premium quality Carbamide Peroxide gel is the exact same enamel safe formula that your dentist sells for 10x cost. Our kit comes with the trays and instructions. - 100% SATISFACTION GUARANTEED OR YOUR MONEY BACK – Love our complete at home teeth whitening kit or return it for a FULL REFUND.",NA,239.0,2.4,ounce,8.0,1.0,5.0,240545,0 (30 Days Avg)
9,https://www.amazon.com/Philips-Sonicare-DiamondClean-replacement-HX6063/dp/B078BBZQWK/ref=pd_bxgy_194_2/140-8643050-4685636?_encoding=UTF8&pd_rd_i=B078BBZQWK&pd_rd_r=d15dbb72-c403-4efe-b6b3-9d86e9925627&pd_rd_w=X9Csr&pd_rd_wg=rHe7F&pf_rd_p=09627863-9889-4290-b90a-5e9f86682449&pf_rd_r=9F4QZ4JY85DCNW4GMKEX&psc=1&refRID=9F4QZ4JY85DCNW4GMKEX,38.99,"Philips Sonicare DiamondClean replacement toothbrush heads, HX6063/65, BrushSync technology, White 3 pk","SUPERIOR WHITENING: Clinically proven to remove up to 100 percent more stains in 7 days than a manual toothbrush
SPECIAL DESIGN: Clinically proven to prevent new stains from forming with regular use
GENTLE & EFFECTIVE: Soft, densely packed bristles remove surface stains and whiten your teeth, while gently protecting your gums
NO GUESSING: Built in brush head replacement reminder lets you know when to replace your brush head, so you don’t have to remember
BETTER TOGETHER: Get the most from any Sonicare click on handle with genuine Sonicare brush heads that are designed to work together and provide optimal performance","Product details
Color: White | Size: 3 Count
Troubleshooting manual [PDF] | Data sheet [PDF]
Product Dimensions: 1 x 2.4 x 8.7 inches
Shipping Weight: 0.6 ounces (View shipping rates and policies)
Domestic Shipping: Currently, item can be shipped only within the U.S. and to APO/FPO addresses. For APO/FPO shipments, please check with the manufacturer regarding warranty and support issues.
International Shipping: This item can be shipped to select countries outside of the U.S. Learn More
ASIN: B078BBZQWK
UPC: 075020072054
Item model number: HX6063/65
Average Customer Review:
409 customer reviews
Amazon Best Sellers Rank: #1,713 in Beauty & Personal Care (See Top 100 in Beauty & Personal Care)
#43 in Replacement Toothbrush Heads
Manufacturer’s warranty can be requested from customer service. Click here to make a request to customer service.
Would you like to tell us about a lower price?",808.0,0.6,ounce,8.7,1.0,2.4000000000000004,1713,15 (30 Days Avg)
10,https://www.amazon.com/Philips-Sonicare-replacement-HX9042-recognition/dp/B071VNC4TL/ref=pd_bxgy_194_3/140-8643050-4685636?_encoding=UTF8&pd_rd_i=B071VNC4TL&pd_rd_r=d15dbb72-c403-4efe-b6b3-9d86e9925627&pd_rd_w=X9Csr&pd_rd_wg=rHe7F&pf_rd_p=09627863-9889-4290-b90a-5e9f86682449&pf_rd_r=9F4QZ4JY85DCNW4GMKEX&psc=1&refRID=9F4QZ4JY85DCNW4GMKEX,29.99,"Genuine Philips Sonicare C3 Premium Plaque Control Toothbrush Head, HX9042/65, 2-pk, White","Includes: 2 C3 premium plaque Control brush heads
Suitable for these models: mdiamondclean, diamond Clean Smart, easy clean, essence+, flex care, flex care Platinum, flex care Platinum connected, flex care+ for kids, healthy white, healthy white+
Brush head system clicks-on
Removes up to 10x more plaque","Product details
Style Name: 2-pk | Color: White
Product Dimensions: 1.2 x 2.4 x 8.7 inches ; 1.12 ounces
Shipping Weight: 1.6 ounces (View shipping rates and policies)
Domestic Shipping: Currently, item can be shipped only within the U.S. and to APO/FPO addresses. For APO/FPO shipments, please check with the manufacturer regarding warranty and support issues.
International Shipping: This item can be shipped to select countries outside of the U.S. Learn More
ASIN: B071VNC4TL
UPC: 075020064868
Item model number: HX9042/65
Average Customer Review:
459 customer reviews
Amazon Best Sellers Rank: #1,054 in Beauty & Personal Care (See Top 100 in Beauty & Personal Care)
#29 in Replacement Toothbrush Heads
Manufacturer’s warranty can be requested from customer service. Click here to make a request to customer service.
Would you like to tell us about a lower price?",698.0,1.12,ounce,8.7,1.2,2.4000000000000004,1054,25 (30 Days Avg)
11,https://www.amazon.com/dp/B07Z58FCN2/ref=sspa_dk_detail_1?psc=1&pd_rd_i=B07Z58FCN2&pd_rd_w=A6bie&pf_rd_p=45a72588-80f7-4414-9851-786f6c16d42b&pd_rd_wg=wF2Po&pf_rd_r=0V6MMMKD3MHATJHVMFY4&pd_rd_r=5bebdc4b-7a3e-4151-a497-75f00e3b60b9&spLa=ZW5jcnlwdGVkUXVhbGlmaWVyPUEyRlNRWEszN0JGOFpFJmVuY3J5cHRlZElkPUEwMTYyMjkxMUhDVEhNNFVaQjdOJmVuY3J5cHRlZEFkSWQ9QTEwNDQ0ODAyTUs5SjhMS0xETElKJndpZGdldE5hbWU9c3BfZGV0YWlsJmFjdGlvbj1jbGlja1JlZGlyZWN0JmRvTm90TG9nQ2xpY2s9dHJ1ZQ==,25.99,"Cliganic USDA Organic Aromatherapy TOP 12 Essential Oils Set, 100% Pure - Peppermint, Lavender, Eucalyptus, Tea Tree, Lemongrass, Rosemary, Frankincense, Orange, Lemon, Cassia, Cedarwood & Grapefruit","INCLUDED IN THIS SET: Peppermint, Lavender, Eucalyptus, Tea Tree, Lemongrass, Rosemary, Frankincense, Orange, Lemon, Cassia, Cedarwood & Grapefruit. Essential Oils Gift Set for Diffuser.
CERTIFIED ORGANIC ESSENTIAL OIL by USDA - the strict oversight of USDA ensures the integrity of our Aromatherapy Essential Oils. In other words, it’s really 100% ORGANIC.
100% PURE, ONLY ONE INGREDIENT - Our Premium Essential Oil is 100% Pure & Natural - No Additives, No Chemicals, No Alcohol, No Fragrance-Added and Not Diluted.
CLIGANIC 100% SATISFACTION GUARANTEE - RISK FREE! We put a lot of effort into manufacturing quality products that will meet our customers' expectations. And we stand behind every item that we make, 100%. If you are not satisfied completely with your purchase, we will be happy to replace it or issue you a full refund.
BOTTLED IN THE USA, CRUELTY-FREE – Cliganic Organic Essential Oils are bottled in the USA with the highest standards, giving you premium 100% pure natural oil. It is NOT TESTED ON ANIMALS now with the Cruelty Free Certification.",NA,480.0,1.3,pounds,2.0,2.0,2.0,26319,1 every 2 days (30 Days Avg)
12,https://www.amazon.com/dp/B074D3TD3H/ref=sspa_dk_detail_0?psc=1&pd_rd_i=B074D3TD3H&spLa=ZW5jcnlwdGVkUXVhbGlmaWVyPUEyUjRKRzNJM1M3N1lSJmVuY3J5cHRlZElkPUEwMDc0NDgyMUlVSDVEMFgxOUtNUiZlbmNyeXB0ZWRBZElkPUEwNTg2NTc1S0IwUDNZNUNRUlNKJndpZGdldE5hbWU9c3BfZGV0YWlsJmFjdGlvbj1jbGlja1JlZGlyZWN0JmRvTm90TG9nQ2xpY2s9dHJ1ZQ==,22.0,NA,NA,NA,14.0,0.48,ounce,5.5,0.9,1.0999999999999996,38975,1 every 2 days (30 Days Avg)
13,https://www.amazon.com/dp/B07F19NPZ5/ref=sspa_dk_detail_7?psc=1&pd_rd_i=B07F19NPZ5&spLa=ZW5jcnlwdGVkUXVhbGlmaWVyPUEyUjRKRzNJM1M3N1lSJmVuY3J5cHRlZElkPUEwMDc0NDgyMUlVSDVEMFgxOUtNUiZlbmNyeXB0ZWRBZElkPUEwNTM3NTIzM0ozTFdCM0NEWjIxSiZ3aWRnZXROYW1lPXNwX2RldGFpbCZhY3Rpb249Y2xpY2tSZWRpcmVjdCZkb05vdExvZ0NsaWNrPXRydWU=,20.0,Natural Waterproof Mascara Black for Eyelash Growth | Vegan & Cruelty Free - Makeup Voluminous Original Volume Building Lash Enhancer Mascara - 100% Natural Waterproof HD Mascara for Longer Lashes,"LASH ENHANCER MASCARA WATERPROOF HerbiAR Advanced Lash High Definition Natural Mascara lengthening has highly pigmented black color incorporated into it which means that you do not have to reapply again & again throughout the day. One stroke would be enough to give you color & volume you require, however, for a more dramatic look a couple of extra strokes will give you that look. Best natural eyelash growth mascara waterproof for Longer Lashes
LENGTHEINIGN MASCARA WATERPROOF is formed with idea to help you increase the growth of your eyelashes & also simultaneously prevent the loss of hair from these parts. Mascara lengthening product is formed from a scientific blend of all natural ingredients that work together to give you fuller looking & long eyelashes & eyebrow hair. Apply eyelash growth mascara waterproof regularly as your daily natural water resistant mascara to see wonderful results as your eyelashes get thicker & nourished
EASY APPLICATION MASCARA WATERPROOF - Applicator of natural waterproof mascara is shaped in such a manner that one stroke gives you full coverage & is easy to apply the Eyelash Growth Mascara Waterproof. A single stroke transfers enough product to your eyelashes to make them look full & dark. For more volume & a darker look, you can do multiple strokes & you are good to go. One big advantage of lashease mascara applicator is that it gives you precision & creates no mess. Eyelash growth serum
LONG LASTING & WATER RESISTANT - HerbiAR Advanced Lash High Definition Natural Black Lash Enhancer Mascara Waterproof is composed of such active ingredients that keep your mascara waterproof maintained throughout the day & it does not get worn off easily. The rich pigments of eye mascara helps to keep color the same as it was when applied, giving you that fresh & beautiful look you wanted. Natural mascara waterproof is the Best Lengthening Mascara Waterproof
NATURAL MASCARA WATERPROOF - As artificial additives result in the development of various hypersensitivity issues, people tend to avoid them. Our waterproof mascara very black does not contain artificial colors or fragrances. The natural mascara waterproof black contain Parabens, prepared with all natural ingredients & is cruelty free. Your Satisfaction Is Our Goal! Lengthening Mascara Waterproof is the Long-lasting formula for everyday use",NA,14.0,0.8,ounce,2.0,2.0,2.0,259775,0 (30 Days Avg)
14,https://www.amazon.com/dp/B07V4JLW8B/ref=sspa_dk_detail_6?psc=1&pd_rd_i=B07V4JLW8B&spLa=ZW5jcnlwdGVkUXVhbGlmaWVyPUEzNFNaNllGMUZLU1kzJmVuY3J5cHRlZElkPUEwMjc1MTE0MlZVOFkzWUw4REJXQyZlbmNyeXB0ZWRBZElkPUEwMDA1NTYyMkc3MjZWTzJINzhQTCZ3aWRnZXROYW1lPXNwX2RldGFpbCZhY3Rpb249Y2xpY2tSZWRpcmVjdCZkb05vdExvZ0NsaWNrPXRydWU=,24.99,"Aroma Essential Oil Diffuser, JoySusie 300ml Wood Grain Ultrasonic Cool Mist Whisper-Quiet Humidifier with Color LED Lights Changing & 4 Timer Settings, Waterless Auto Shut-Off for Spa Baby","★Relaxing, Relieve Your Soul: With classic wood grain finish, our unit can be used as an essential oil diffuser, cool mist humidifier, but also can be displayed in your room as a decoration. Just add several drops of oil into the water, it will fill your space with lovely fragrance, and the released negative ions enhance your mood for a happy life You can also use it as a humidifier without oils to add more moisture to the air-conditioner room.
★300ml Large Capacity and Waterless Auto-Off Function: This essential oil diffuser lasts on for a long time (over 10 hours). Designed with waterless auto-off function, it will turn off automatically after 5s when water runs out for your safety and the protection of the aroma diffuser as well. It also features 4 Time Setting Modes: 1 hour, 3 hours, 6 hours and continuous, just select what you want and enjoy the relax.
★Super Quiet Aromatherapy Diffuser with Advanced Ultrasonic Technology: Cool mist ultrasonic diffusing technology allows for your essential oils to be dispersed as micro-particles without the use of heat, and it would never disturb you when you are reading, working or sleeping.
★7 Soothing LED Light: 7 soothing colors and each color with 2 light options (dim and bright). You can cycle it through 14 colors, or set it to one fixed color, so you can choose different modes to meet your different needs.
★More Benefits: This ultrasonic diffuser can offer therapeutic effects, alleviating the symptom of congested sinus, nasal passages, etc. It also can help remove smoky smells, animal odors and provide fresh air. Backed by 45 days money-back and 12-month worry-free warranty","Product details
Color: Brown Wood and White
Shipping Weight: 1.2 pounds (View shipping rates and policies)
ASIN: B07V4JLW8B
UPC: 688209970302
Average Customer Review:
27 customer reviews
Amazon Best Sellers Rank: #93,023 in Beauty & Personal Care (See Top 100 in Beauty & Personal Care)
#824 in Aromatherapy Diffusers
Product Warranty: For warranty information about this product, please click here
Would you like to tell us about a lower price?",418.0,1.2,pounds,2.0,2.0,2.0,93023,1 every 14 days (30 Days Avg)
15,https://www.amazon.com/dp/B07HB1XNW3/ref=sspa_dk_detail_9?psc=1&pd_rd_i=B07HB1XNW3&pd_rd_w=ZkLjz&pf_rd_p=45a72588-80f7-4414-9851-786f6c16d42b&pd_rd_wg=m41OB&pf_rd_r=4HTPAWC41D3QQD35QVG2&pd_rd_r=b36ab3bc-8bb9-4056-9a26-c7dd21a813e4&spLa=ZW5jcnlwdGVkUXVhbGlmaWVyPUEyTVlYQjg5WFkwRklBJmVuY3J5cHRlZElkPUEwMjk2NDU5M1ZPSDhERUdXWDI1TSZlbmNyeXB0ZWRBZElkPUEwNjUzMTAyMzVSQzk5RUdQQzlQOCZ3aWRnZXROYW1lPXNwX2RldGFpbCZhY3Rpb249Y2xpY2tSZWRpcmVjdCZkb05vdExvZ0NsaWNrPXRydWU=,25.96,"Crest 3D White Diamond Strong Mouthwash, 473 Ml, 4 Count","Strengthens while you whiten
From the makers of White strips
Strengthens tooth enamel
Safely whitens teeth with brushing by removing surface stains
Kills bad breath germs","Product details
Flavor: Clean Mint | Size: Pack of 4
Product Dimensions: 2.4 x 5.2 x 8.8 inches ; 1.06 pounds
Shipping Weight: 5.2 pounds (View shipping rates and policies)
Domestic Shipping: Currently, item can be shipped only within the U.S. and to APO/FPO addresses. For APO/FPO shipments, please check with the manufacturer regarding warranty and support issues.
International Shipping: This item can be shipped to select countries outside of the U.S. Learn More
ASIN: B07HB1XNW3
Average Customer Review:
53 customer reviews
Amazon Best Sellers Rank: #17,459 in Beauty & Personal Care (See Top 100 in Beauty & Personal Care)
#119 in Mouthwashes
Manufacturer’s warranty can be requested from customer service. Click here to make a request to customer service.
Would you like to tell us about a lower price?",108.0,1.06,pounds,8.8,2.4,5.1999999999999975,17459,1 (30 Days Avg)
16,https://www.amazon.com/dp/B0787JFF4Y/ref=sspa_dk_detail_2?psc=1&pd_rd_i=B0787JFF4Y&spLa=ZW5jcnlwdGVkUXVhbGlmaWVyPUEyVkJLRUI4WEE5MEIwJmVuY3J5cHRlZElkPUEwOTgyMDYwMjA4M05SVzFDTTJVTiZlbmNyeXB0ZWRBZElkPUEwMTAyMzQyVks4SkRQR0RDUjRMJndpZGdldE5hbWU9c3BfZGV0YWlsJmFjdGlvbj1jbGlja1JlZGlyZWN0JmRvTm90TG9nQ2xpY2s9dHJ1ZQ==,24.01,"Crest Pro Health Intense Mouthwash, Clean Mint, 16.8 Fluid Ounce (Pack of 4)","99% Germ Kill with no medicinal taste
Cooling sensation
Keeps teeth clean longer
Freshens breath
Fights plaque & gingivitis","Product details
Size: Pack of 4 | Style Name: Clean Mint
Product Dimensions: 2.4 x 3.7 x 8.8 inches ; 1.34 pounds
Shipping Weight: 5.5 pounds (View shipping rates and policies)
Domestic Shipping: Currently, item can be shipped only within the U.S. and to APO/FPO addresses. For APO/FPO shipments, please check with the manufacturer regarding warranty and support issues.
International Shipping: This item can be shipped to select countries outside of the U.S. Learn More
ASIN: B0787JFF4Y
Average Customer Review:
20 customer reviews
Amazon Best Sellers Rank: #79,345 in Health & Household (See Top 100 in Health & Household)
#394 in Mouthwashes
Manufacturer’s warranty can be requested from customer service. Click here to make a request to customer service.
Would you like to tell us about a lower price?",108.0,1.34,pounds,8.8,2.4,3.6999999999999993,79345,1 every 10 days (30 Days Avg)
17,https://www.amazon.com/dp/B078PZ8JZ7/ref=sspa_dk_detail_2?psc=1&spLa=ZW5jcnlwdGVkUXVhbGlmaWVyPUExOTIwWlM0V1c3UE9JJmVuY3J5cHRlZElkPUEwMDU1NDMxMUtUQ1FBSTJLMDMySyZlbmNyeXB0ZWRBZElkPUEwNjgxMzUzVjE5Sk9CVDJLVERRJndpZGdldE5hbWU9c3BfZGV0YWlsMiZhY3Rpb249Y2xpY2tSZWRpcmVjdCZkb05vdExvZ0NsaWNrPXRydWU=,36.0,NA,NA,NA,10.0,0.16,ounce,6.8,1.4,1.3999999999999995,72667,1 every 6 days (30 Days Avg)
18,https://www.amazon.com/dp/B07G4LP19Y/ref=sspa_dk_detail_2?psc=1&pd_rd_i=B07G4LP19Y&pd_rd_w=E634d&pf_rd_p=45a72588-80f7-4414-9851-786f6c16d42b&pd_rd_wg=ou1MV&pf_rd_r=DYPXTV5BWVSSFPBKH2PY&pd_rd_r=8e177b51-1656-42bf-b58c-a7c147823705&spLa=ZW5jcnlwdGVkUXVhbGlmaWVyPUExVURCU1pXSkpCMkk0JmVuY3J5cHRlZElkPUEwMjkyMTE2MVNPRkZQRzYxUDcxRiZlbmNyeXB0ZWRBZElkPUEwMTAwMTMwMTRIT0ZZUENOWjk4UCZ3aWRnZXROYW1lPXNwX2RldGFpbCZhY3Rpb249Y2xpY2tSZWRpcmVjdCZkb05vdExvZ0NsaWNrPXRydWU=,24.99,"Men’s Razor Blade Refills, 12 Count, Mens Razors/Blades","Razors for men with 5 anti-friction blades.
A shave you barely feel.
Men's razor with Precision Trimmer on back-great for hard-to-reach areas and styling facial hair.
Lubrication Strip fades when you are no longer getting an optimal shave.
5 razor blade refill equals up to one month of shaves.",NA,4482.0,3.2,ounce,6.0,1.0,3.5,44936,1 every 2 days (30 Days Avg)
19,https://www.amazon.com/dp/B081S44N4M/ref=sspa_dk_detail_0?psc=1&pd_rd_i=B081S44N4M&spLa=ZW5jcnlwdGVkUXVhbGlmaWVyPUExRTNPNThMVFRNWEtYJmVuY3J5cHRlZElkPUEwMjQ5Mzg0MjlOVk40UkVOS0QyViZlbmNyeXB0ZWRBZElkPUEwNjM4NjE0QkhZMVozNTlMV0w3JndpZGdldE5hbWU9c3BfZGV0YWlsJmFjdGlvbj1jbGlja1JlZGlyZWN0JmRvTm90TG9nQ2xpY2s9dHJ1ZQ==,24.99,"Men's Razors Blades Refill, (12 Count)","✅Razors for men with 5 anti-friction blades.
✅A shave you barely feel.
✅Men's razor with Precision Trimmer on back-great for hard-to-reach areas and styling facial hair.
✅Lubrication Strip fades when you are no longer getting an optimal shave.
✅5 razor blade refill equals up to one month of shaves.",NA,4482.0,4.0,ounce,6.0,1.0,2.0,428257,0 (30 Days Avg)
20,https://www.amazon.com/Rogaine-Strength-Minoxidil-Solution-Treatment/dp/B0000Y8H3S/ref=pd_bxgy_194_3/140-8643050-4685636?_encoding=UTF8&pd_rd_i=B0000Y8H3S&pd_rd_r=32164584-52d5-4df2-a908-44d4e7bc501d&pd_rd_w=foEgt&pd_rd_wg=P75s9&pf_rd_p=09627863-9889-4290-b90a-5e9f86682449&pf_rd_r=57XS3CH937JKWACWTAPH&psc=1&refRID=57XS3CH937JKWACWTAPH,43.97,"Men's Rogaine Extra Strength 5% Minoxidil Topical Solution for Hair Loss and Hair Regrowth, Topical Treatment for Thinning Hair, 3-Month Supply","3-month supply of Men's Rogaine Extra Strength 5% Minoxidil Topical Solution to help treat hair loss, maintain hair density and allow for the regrowth of fuller hair
Formulated with 5% Minoxidil, our fast-working, extra strength hair regrowth treatment works to boost hair follicle activity and hair protein production and is clinically proven to regrow up to 25% more hair
Unlike hair loss shampoos and hair thickening products that temporarily plump hair from the outside, our men's hair growth treatment penetrates the scalp to reactivate shrunken hair follicles, allowing for regrowth of hair
From the #1 dermatologist-recommended brand, this extra strength anti-hair loss topical solution is ideal for use at the early stages of hair thinning and helps maintain hair density
Men's hair growth treatment delivers clinically visible results in as little as 12 weeks and comes in an easy-to-apply topical solution, specially designed to fit into your daily routine",NA,1073.0,6.1,ounce,6.2,2.6,5.400000000000001,340,49 (30 Days Avg)
21,https://www.amazon.com/dp/B00HDE4Z20/ref=sspa_dk_detail_1?psc=1&pd_rd_i=B00HDE4Z20&spLa=ZW5jcnlwdGVkUXVhbGlmaWVyPUFITVZYMlc1RlBSV1QmZW5jcnlwdGVkSWQ9QTA0MTUwNTYzQVpRTFM3UENJQ1Q0JmVuY3J5cHRlZEFkSWQ9QTA2OTY0ODdBRU5WNExDT1Y4RkYmd2lkZ2V0TmFtZT1zcF9kZXRhaWwmYWN0aW9uPWNsaWNrUmVkaXJlY3QmZG9Ob3RMb2dDbGljaz10cnVl,31.89,"GoodSense Minoxidil Topical Solution USP, 5% Hair Regrowth Treatment for Men, 12 Fluid Ounce, for Male Pattern Baldness","FIGHT MALE PATTERN BALDNESS: GoodSense Minoxidil Topical Solution USP, 5% is a liquid containing 5% minoxidil for use only on the scalp to help regrow hair in men.
INGREDIENTS: GoodSense Minoxidil Topical Solution USP, 5% is a hair regrowth treatment for men. The active ingredient is minoxidil 5%.
UNSCENTED: This unscented, easy-to-use minoxidil 5% topical treatment revitalizes hair follicles and is clinically proven to help regrow hair.
USE: This product is not for use by women. It is not intended for frontal baldness or receding hairline. Minoxidil Topical Solution USP, 5% is for men who have a general thinning of hair on the top of the scalp.
MALE PATTERN BALDNESS: Male pattern baldness is responsible for the vast majority of male hair loss. More than 95% of male hair loss is due to male pattern baldness, a genetic trait.",NA,601.0,1.1,pounds,5.8,2.6,5.200000000000002,58544,1 every 5 days (30 Days Avg)
22,https://www.amazon.com/dp/B081FDKT1N/ref=sspa_dk_detail_2?psc=1&spLa=ZW5jcnlwdGVkUXVhbGlmaWVyPUExMUpJU1BGSzhUUFNZJmVuY3J5cHRlZElkPUEwNTgwOTE0MVU4QUlRNTdRRTdISCZlbmNyeXB0ZWRBZElkPUEwOTYwODQzMUg4MzRaN0dSS003RyZ3aWRnZXROYW1lPXNwX2RldGFpbDImYWN0aW9uPWNsaWNrUmVkaXJlY3QmZG9Ob3RMb2dDbGljaz10cnVl,24.99,Essential Oil Air Mist Diffuser - 400ML Quiet Aroma Essential Oil Diffuser with Adjustable Cool Mist Humidifier Mode 7 LED Color Lights Changing for Office Home Bedroom Living Room,"【BPA Free Aromatherapy Humidifier】 Use safe and eco-friendly BPA Free materials which the baby bottles are made from, as well as state-of-the-art production processes and strict quality control, this ultrasonic essential oil diffuser is an amazing aromatherapy device to release your tried and make your life better
【Improve Air Quality Of Your Living Space】 Not only an aromatherapy, this essential oil diffuser can also be used as a humidifier to improve your home's air and atmosphere quality, cover the odd of pets or smoking and protect you family from excessively dry air, microorganisms, allergens, dust, and more!
【Automatic Off Ensure Your Safety】 Large 400ml water capacity means it can continue use up to 8 hours. When time is up or there is no water, it will turn off automatically, keeping the peace of your mind and ensuring your safety. Press the ""Mist"" button for more than one second, choose the timer from 120 min, 240 min, or ON.
【Quiet Enough To Give You A Good Night】 Lower than 35dB quiet Aroma Essential Oil Diffuser with Adjustable Cool Mist Mode, this Humidifier will offer you a wonderful night. 7 Color LED Lights fit for home, office and everywhere you want put it, it is the best gift for your family and friend.
【The Best Gift For Family and Friend】 Come with a remote control means you can remotely adjust any function of the diffuser when you in bed or on safa, convenient enough in night time. It’s the best Christmas gift for your kids, parents and friends.",NA,115.0,1.0,pounds,4.0,4.0,4.0,12623,2 (30 Days Avg)
23,https://www.amazon.com/Olaplex-Hair-Perfector-Repairing-Treatment/dp/B00SNM5US4/ref=zg_bs_beauty_44?_encoding=UTF8&psc=1&refRID=GH085H2K4NK8KRWTMXGK,28.0,NA,NA,NA,3634.0,3.2,ounce,3.5,2.0,2.0,44,71 (30 Days Avg)
24,https://www.amazon.com/dp/B0771RDWY3/ref=sspa_dk_detail_6?psc=1&pd_rd_i=B0771RDWY3&spLa=ZW5jcnlwdGVkUXVhbGlmaWVyPUExSVpaNFQwUERYUVpaJmVuY3J5cHRlZElkPUEwMTg2MzI5MUJDRUNYUFdHU1pXTCZlbmNyeXB0ZWRBZElkPUEwNDMzMjI3QzA2RVdaSUdUSURBJndpZGdldE5hbWU9c3BfZGV0YWlsJmFjdGlvbj1jbGlja1JlZGlyZWN0JmRvTm90TG9nQ2xpY2s9dHJ1ZQ==,33.0,NA,NA,NA,81.0,12.6,ounce,8.0,2.3,2.3000000000000007,297949,0 (30 Days Avg)
25,https://www.amazon.com/dp/B08331F4YS/ref=sspa_dk_detail_0?psc=1&pd_rd_i=B08331F4YS&spLa=ZW5jcnlwdGVkUXVhbGlmaWVyPUEyMkpFUUNMNDZBNkc1JmVuY3J5cHRlZElkPUEwMDY4MjM1MjZMNkpBTFlWWVdMQiZlbmNyeXB0ZWRBZElkPUEwNTk4MDAyS0czMDI2NzJMNzM2JndpZGdldE5hbWU9c3BfZGV0YWlsJmFjdGlvbj1jbGlja1JlZGlyZWN0JmRvTm90TG9nQ2xpY2s9dHJ1ZQ==,24.99,"Replacement toothbrush heads,HX6064,Compatible with Philips Sonicare electric toothbrush,DiamondClean brush head,deep cleaning,stains remove,whitening,4Pack,White.","【DEEP CLEANING】The toothbrush head for Philips Sonicare can remove surface stains for a white,radiant smile,whiter teeth.The densely-packed diamond bristles,removes surface stains caused by food and drinks.
【ORAL HEALTHCARE】The regular brushing at least twice a day will help to keep dental biofim from developing on your teeth,Filgrt brush heads are safe and gentle on teeth and gums.
【REPLACE NOTIFY】Brush heads become less effective after 3 months of use, and the brush heads’ blue bristles will notify you when it’s time for a replacement.Just monitor your blue replacement reminder bristles, and when they turn white you'll know it's time.
【CLICK-ON DESIGN】You only need to insert or remove it, and can easily replace and clean it. Simply click on and off for easy replacement and cleaning.
【COSTOMERS SERVICE】If you encounter any problems when using the toothbrush heads, please contact us within 30 days , we will be happy to provide you with customer service, in order to provide you with the most satisfactory solution.","Product details
Size: Philips HX6064 4pack
Product Dimensions: 3.5 x 1 x 0.7 inches ; 0.32 ounces
Shipping Weight: 2.1 ounces (View shipping rates and policies)
ASIN: B08331F4YS
UPC: 779186276362
Average Customer Review: Be the first to review this item
Amazon Best Sellers Rank: #88,465 in Beauty & Personal Care (See Top 100 in Beauty & Personal Care)
#529 in Replacement Toothbrush Heads
Product Warranty: For warranty information about this product, please click here
Would you like to tell us about a lower price?",6.0,0.32,ounce,3.5,0.7,1.0,88465,1 every 10 days (30 Days Avg)
26,https://www.amazon.com/dp/B00JXM9BLK/ref=sspa_dk_detail_10?psc=1&pd_rd_i=B00JXM9BLK&spLa=ZW5jcnlwdGVkUXVhbGlmaWVyPUFYTVhCUFZVRU04V0EmZW5jcnlwdGVkSWQ9QTAwNTk1NzIySVZMV0ZBWlFYWVFCJmVuY3J5cHRlZEFkSWQ9QTAzNDMzMzFRNUZWRk1BWDFYWFUmd2lkZ2V0TmFtZT1zcF9kZXRhaWwmYWN0aW9uPWNsaWNrUmVkaXJlY3QmZG9Ob3RMb2dDbGljaz10cnVl,40.0,NA,NA,NA,88.0,3.2,ounce,8.0,3.0,3.0,94549,1 every 15 days (30 Days Avg)
27,https://www.amazon.com/dp/B074D3TD3H/ref=sspa_dk_detail_1?psc=1&pd_rd_i=B074D3TD3H&pd_rd_w=iWWgY&pf_rd_p=45a72588-80f7-4414-9851-786f6c16d42b&pd_rd_wg=AJifz&pf_rd_r=DBHM1W5HRYAZYK02AH2Z&pd_rd_r=e9f6b219-dfbb-4760-9cfa-81ef966c0b4e&spLa=ZW5jcnlwdGVkUXVhbGlmaWVyPUEzQkxVVlM1U0hEWFhOJmVuY3J5cHRlZElkPUEwMTEzNTcxSUdYWlYwMkdXNlhOJmVuY3J5cHRlZEFkSWQ9QTA1ODY1NzVLQjBQM1k1Q1FSU0omd2lkZ2V0TmFtZT1zcF9kZXRhaWwmYWN0aW9uPWNsaWNrUmVkaXJlY3QmZG9Ob3RMb2dDbGljaz10cnVl,22.0,NA,NA,NA,14.0,0.48,ounce,5.5,0.9,1.0999999999999996,38975,1 every 2 days (30 Days Avg)
28,https://www.amazon.com/dp/B01BPO3ZC4/ref=sspa_dk_detail_11?psc=1&pd_rd_i=B01BPO3ZC4&spLa=ZW5jcnlwdGVkUXVhbGlmaWVyPUEyRjE2M042SEdJR0lPJmVuY3J5cHRlZElkPUEwOTI4OTEyMUtHUEMxMDdCOTQ2VCZlbmNyeXB0ZWRBZElkPUEwMTUxNjU5MktPQU9BOUlLTjFQVCZ3aWRnZXROYW1lPXNwX2RldGFpbCZhY3Rpb249Y2xpY2tSZWRpcmVjdCZkb05vdExvZ0NsaWNrPXRydWU=,22.0,NA,NA,NA,14.0,0.48,ounce,5.4,0.8,0.7999999999999998,18965,1 (30 Days Avg)
29,https://www.amazon.com/INVISALIGN-Invisalign-Aligner-Case/dp/B07HCQH2N4/ref=pd_bxgy_194_2/140-8643050-4685636?_encoding=UTF8&pd_rd_i=B07HCQH2N4&pd_rd_r=77f0849f-6d60-4f9f-b590-ca076790f986&pd_rd_w=FYjA9&pd_rd_wg=jzYFx&pf_rd_p=09627863-9889-4290-b90a-5e9f86682449&pf_rd_r=HQSVGSD731BSSNBT7FTZ&psc=1&refRID=HQSVGSD731BSSNBT7FTZ,20.0,Invisalign Aligner and Retainer Case - Black,"Slim, modern case keeps your Invisalign aligners and retainers secure at home and on the road. A magnetic closure ensures the case is securely fastened. The textured liner helps to minimize slipping and moving inside.
Includes black satin bag for carrying essentials.
Other attributes are: Ventilation behind the hinge. Dimensions 3 ¾” diameter x ¾” high.
(Aligners not included)","Product details
Color: Black
Product Dimensions: 3.8 x 3.8 x 0.8 inches
Shipping Weight: 3.2 ounces (View shipping rates and policies)
ASIN: B07HCQH2N4
UPC: 644216926305
Average Customer Review:
135 customer reviews
Amazon Best Sellers Rank: #722 in Beauty & Personal Care (See Top 100 in Beauty & Personal Care)
#1 in Personal Orthodontic Supplies
Would you like to tell us about a lower price?",267.0,3.2,ounce,3.8,0.8,3.8000000000000007,722,31 (30 Days Avg)
30,https://www.amazon.com/dp/B06XC6J81G/ref=sspa_dk_detail_9?psc=1&pd_rd_i=B06XC6J81G&pd_rd_w=qdteb&pf_rd_p=45a72588-80f7-4414-9851-786f6c16d42b&pd_rd_wg=gKPnd&pf_rd_r=HPR48WT0WDJPXPZCHMZW&pd_rd_r=65ca8aa5-942b-4bc0-9619-8dfe3c6734f4&spLa=ZW5jcnlwdGVkUXVhbGlmaWVyPUEyUFgzTlg4TUwwUlNGJmVuY3J5cHRlZElkPUEwNzQ1NzMyWThXMUpTVFlSOTRHJmVuY3J5cHRlZEFkSWQ9QTAyODc1OTcyREk0UzNEQjg3OTMzJndpZGdldE5hbWU9c3BfZGV0YWlsJmFjdGlvbj1jbGlja1JlZGlyZWN0JmRvTm90TG9nQ2xpY2s9dHJ1ZQ==,31.99,EverSmile OrthoFoam Braces Cleaner & Tooth Whitener - 2 Pack (60 day supply),"ONE OF A KIND - The only brushable braces cleaner that whitens teeth-- including under brackets! Can brush normally by adding foam to any fluoridated toothpaste.
SCRUBBING BUBBLES - White foam efficiently cleans and breaks up plaque around dental brackets, braces and wires. Keep those easily-stained ceramic braces clean & white!
WHITENS TEETH - Gradually whitens teeth working under braces with no tooth sensitivity. Avoid those white squares when brackets are removed!
FRESHENS BREATH - With bubblegum flavor that kids enjoy. Swishing with OrthoFoam is an easy way for kids to improve their hygiene on-the-go - even when they can’t brush!
CAN BE USED DAILY - Gentle formula does not cause sensitivity- can be used independently with brushing, as a rinse, or in trays, or it can be added to toothpaste during a regular brushing routine. Options enable kids to do what works for them!","Product details
Size: 2 Pack - 50 ml
Shipping Weight: 6.4 ounces (View shipping rates and policies)
ASIN: B06XC6J81G
UPC: 612520314880
Average Customer Review:
48 customer reviews
Amazon Best Sellers Rank: #48,508 in Beauty & Personal Care (See Top 100 in Beauty & Personal Care)
#350 in Teeth Whitening Products
Product Warranty: For warranty information about this product, please click here
Would you like to tell us about a lower price?",1214.0,6.4,ounce,2.0,2.0,2.0,48508,1 every 3 days (30 Days Avg)
31,https://www.amazon.com/dp/B07L1L3HZT/ref=sspa_dk_detail_10?psc=1&pd_rd_i=B07L1L3HZT&spLa=ZW5jcnlwdGVkUXVhbGlmaWVyPUFCV1pYSksxQ1U2VkImZW5jcnlwdGVkSWQ9QTA2MjYzMDgyUDVZN1ZSM0JJOVo5JmVuY3J5cHRlZEFkSWQ9QTA1NTAyMTIyQ1pNR0pVTzhNWk5GJndpZGdldE5hbWU9c3BfZGV0YWlsJmFjdGlvbj1jbGlja1JlZGlyZWN0JmRvTm90TG9nQ2xpY2s9dHJ1ZQ==,29.99,Retainer Brite Cleaning Foam - Cleans Invisalign and Retainers While Whitens Your Teeth,"Excellent for On-the-GO teeth whitening and mouth tray cleaning.
Whitens and Brightens Teeth: put the foam inside the tray (retainer, invisalign) and wear your appliance.
Cleans Aligners, invisalign and Retainers
Kills Odor-Causing Bacteria
Use up to 4 times Per Day",NA,1214.0,3.2,ounce,2.0,2.0,2.0,19952,1 (30 Days Avg)
32,https://www.amazon.com/EltaMD-Clear-Facial-Sunscreen-Broad-Spectrum/dp/B002MSN3QQ/ref=zg_bs_beauty_58?_encoding=UTF8&psc=1&refRID=P5BXCETB0HNFDYYMBB7V,33.0,NA,NA,NA,3894.0,1.44,ounce,1.6,1.5,1.6,58,71 (30 Days Avg)
33,https://www.amazon.com/TheraBreath-Formulated-Artificial-Certified-Two-Pack/dp/B001ET76AI/ref=zg_bs_beauty_61?_encoding=UTF8&psc=1&refRID=YJYFJT04B5EYZ40BNQWW,25.19,"TheraBreath Fresh Breath Oral Rinse, Mild Mint, 16 Ounce Bottle (Pack of 2)","FIGHT BAD BREATH: Our Fresh Breath Oral Rinse is a dentist-formulated mouthwash that targets sulfur-producing bacteria to help fight bad breath. Clinically proven to be effective for up to 24 hours.
RESTORE CONFIDENCE: Our original Mild Mint mouthwash uses clinically-proven ingredients to help fight the bacteria that cause bad breath odor & stop sour, bitter, & metallic tastes in your mouth.
PREMIUM ORAL CARE: Our solution-oriented line of toothpastes, mouthwashes, breath sprays, tonsil stone kits, pet care products, & more can help your whole family get the oral hygiene support you need.
PROFESSIONAL-GRADE PRODUCTS: TheraBreath's line of dentist-formulated toothpastes, mouthwashes, & other products are designed to help address halitosis, cavity prevention, gum disease, & more.
TRUSTED QUALITY: Started in 1994 by dentist Dr. Harold Katz, TheraBreath has continued to innovate, delivering an extensive line of the highest-quality oral care products for you & your family.","Product details
Size: 16 Fl Oz (Pack of 2)
Product Dimensions: 7.9 x 5.2 x 2.6 inches ; 2 pounds
Shipping Weight: 2.4 pounds (View shipping rates and policies)
ASIN: B001ET76AI
UPC: 697029284377
Item model number: 697029284377
Average Customer Review:
4,389 customer reviews
Amazon Best Sellers Rank: #61 in Beauty & Personal Care (See Top 100 in Beauty & Personal Care)
#2 in Mouthwashes
Would you like to tell us about a lower price?",4793.0,2.0,pounds,7.9,2.6,5.200000000000001,61,71 (30 Days Avg)
34,https://www.amazon.com/dp/B073ZKMFKW/ref=sspa_dk_detail_7?psc=1&pd_rd_i=B073ZKMFKW&spLa=ZW5jcnlwdGVkUXVhbGlmaWVyPUEyVlNWR0cxQUZHUzRZJmVuY3J5cHRlZElkPUEwMjE3MDI1UElYQlNKTlVQR1E5JmVuY3J5cHRlZEFkSWQ9QTAwMDA0MDAzQVYxQlhBWkNTSVBMJndpZGdldE5hbWU9c3BfZGV0YWlsJmFjdGlvbj1jbGlja1JlZGlyZWN0JmRvTm90TG9nQ2xpY2s9dHJ1ZQ==,20.0,NA,NA,NA,13.0,9.6,ounce,6.5,2.5,3.5,193555,0 (30 Days Avg)
35,https://www.amazon.com/dp/B07Z1886Y2/ref=sspa_dk_detail_1?psc=1&pd_rd_i=B07Z1886Y2&pd_rd_w=aUEC8&pf_rd_p=45a72588-80f7-4414-9851-786f6c16d42b&pd_rd_wg=bdLo0&pf_rd_r=BPKS1V23D71PGVSVQ9Y2&pd_rd_r=b1826fef-399f-4dde-8dc2-d82c4ba1ff6d&spLa=ZW5jcnlwdGVkUXVhbGlmaWVyPUFVRDBZNzRHSldXMCZlbmNyeXB0ZWRJZD1BMDAzMTg0NEpFTFZQWTM3NjhHWiZlbmNyeXB0ZWRBZElkPUEwODk3NTIzNVdWSU5DRE1GOVM4JndpZGdldE5hbWU9c3BfZGV0YWlsJmFjdGlvbj1jbGlja1JlZGlyZWN0JmRvTm90TG9nQ2xpY2s9dHJ1ZQ==,20.0,"Kapa Nui Nail Repair 3-in-1 Formula ~ Grows, Strengthens & Conditions your Nails | 100% Natural | No Synthetic Additives | Vegan & Cruelty-Free | Made in Hawaii | Get Back Your Healthy Nails","✅ 3-in-1: Grows, Strengthens & Conditions your nails. Made with 100% Natural ingredients.
✅ Our nail treatment hydrates, restructures and remineralizes your nails. Improves Growth and Reduces Splitting and Breakage
✅ Strengthens and Conditions your nails to get them back to Beautiful!
✅ Helps to repair damaged nails recover from artificial and toxic chemicals, promotes the reduction of naturally occurring ridges.
✅ Kapa Nui Nails products are Vegan, Cruelty-Free and Made in Hawaii",NA,348.0,2.2,ounce,3.0,1.3,1.2999999999999998,16235,1 (30 Days Avg)
36,https://www.amazon.com/dp/B00BCIE7NU/ref=sspa_dk_detail_5?psc=1&pd_rd_i=B00BCIE7NU&pd_rd_w=aUEC8&pf_rd_p=45a72588-80f7-4414-9851-786f6c16d42b&pd_rd_wg=bdLo0&pf_rd_r=BPKS1V23D71PGVSVQ9Y2&pd_rd_r=b1826fef-399f-4dde-8dc2-d82c4ba1ff6d&spLa=ZW5jcnlwdGVkUXVhbGlmaWVyPUFVRDBZNzRHSldXMCZlbmNyeXB0ZWRJZD1BMDAzMTg0NEpFTFZQWTM3NjhHWiZlbmNyeXB0ZWRBZElkPUEwMzQ0NzE2MUtFVUU3RVVVQkVEVSZ3aWRnZXROYW1lPXNwX2RldGFpbCZhY3Rpb249Y2xpY2tSZWRpcmVjdCZkb05vdExvZ0NsaWNrPXRydWU=,24.0,NA,NA,NA,348.0,0.32,ounce,1.8,1.5,1.7999999999999996,52283,1 every 3 days (30 Days Avg)
37,https://www.amazon.com/dp/B07T6J98TT/ref=sspa_dk_detail_9?psc=1&pd_rd_i=B07T6J98TT&pd_rd_w=aUEC8&pf_rd_p=45a72588-80f7-4414-9851-786f6c16d42b&pd_rd_wg=bdLo0&pf_rd_r=BPKS1V23D71PGVSVQ9Y2&pd_rd_r=b1826fef-399f-4dde-8dc2-d82c4ba1ff6d&spLa=ZW5jcnlwdGVkUXVhbGlmaWVyPUFVRDBZNzRHSldXMCZlbmNyeXB0ZWRJZD1BMDAzMTg0NEpFTFZQWTM3NjhHWiZlbmNyeXB0ZWRBZElkPUEwMzcyNTMyMTFFRFRYWk5GOURXUCZ3aWRnZXROYW1lPXNwX2RldGFpbCZhY3Rpb249Y2xpY2tSZWRpcmVjdCZkb05vdExvZ0NsaWNrPXRydWU=,29.95,NA,NA,NA,348.0,0.8,ounce,5.7,1.1,1.6000000000000005,29620,1 every 2 days (30 Days Avg)
38,https://www.amazon.com/Hairgenics-Lavish-Lash-Enhancer-Eyebrows/dp/B01MQS7GFT/ref=zg_bs_beauty_66?_encoding=UTF8&psc=1&refRID=APYF9JZPAB9YYW8M9H2F,29.99,"Pronexa Hairgenics Lavish Lash - Eyelash Growth Enhancer & Brow Serum with Biotin & Natural Growth Peptides for Long, Thick Looking Lashes and Eyebrows! Dermatologist Certified & Hypoallergenic.","Our revolutionary botanical serum boosts the length and thickness of eyelashes and eyebrows. The result is longer, fuller and thicker eyelashes and brows! Imparts sheen and luster to lashes and brows making them appear lush and beautiful. No more false lashes needed!
Lavish Lash is proven by science. Experience drastic increases in length and thickness of your eyelashes and eyebrows in as little as 60 days for the perfect lash boost! Contains proprietary botanically-derived compounds that penetrate hair follicles to stimulate lash and brow growth which in turn fortifies the eyelashes and brows to noticeably lengthen and thicken them.
Lavish Lash is made with only the highest quality ingredients. Everything in our serum is hypoallergenic, non-irritating, clinically tested, allergy tested & dermatologist tested. Never tested on animals and manufactured by FDA certified labs.
Easy to apply. Simply place a thin line along the base of your upper and lower lash line once a day at nighttime. Apply only at the root area of eyelashes and as though applying eyeliner and onto clean eyebrows. Combine with our Lavish Liner eyeliner with eyelash growth serum and castor oil for even better results.
Use for a minimum of at least 60 days as the eyelashes and brows are the slowest growing hairs on the human body. Your satisfaction is guaranteed or your money back!",NA,19075.0,0.8,ounce,3.0,1.0,1.0,66,71 (30 Days Avg)
39,https://www.amazon.com/dp/B07SQ9FXF3/ref=sspa_dk_detail_2?psc=1&pd_rd_i=B07SQ9FXF3&spLa=ZW5jcnlwdGVkUXVhbGlmaWVyPUEyTjcxQktYVFNNWTZaJmVuY3J5cHRlZElkPUEwNDE2NTA0N0MwU1lCNEtVNVo1JmVuY3J5cHRlZEFkSWQ9QTA4OTI1MzgzSEU0R1M1QlVDSjJOJndpZGdldE5hbWU9c3BfZGV0YWlsJmFjdGlvbj1jbGlja1JlZGlyZWN0JmRvTm90TG9nQ2xpY2s9dHJ1ZQ==,25.99,"Eyelash Growth Enhancer & Brow Serum with Biotin & Natural Growth Peptides for Long, Thick Lashes and Eyebrows","⭐ LashPRO EYELASH GROWTH ENCHANCER & BROW SERUM - For Long, Thick Looking Lashes and Eyebrows. Get thicker eyelashes and eyebrows fast. The formula is designed to give you not only thicker and longer lash & brow look, but also make them healthier and stronger.
⭐ GIFT SET - Eyelash Growth Serum with Free Organic Castor Oil and set of bruches kit. With scientifically-advanced technology and natural botanicals, our eyelash growth serum helps protect against breakage and brittleness, while also improving flexibility, moisture, and shine.
⭐ DERMATOLOGIST CERTIFIED - Only the highest quality ingredients. Everything in our serum is hypoallergenic, non-irritating, clinically tested, allergy tested.
⭐ GET LONGER & THICKER EYELASHES - grow eyelashes faster, regain that gorgeous look with this natural lash growth serum. It gives extra volume even to thick hair.
⭐ BROW GROWTH STIMULATOR - this lash serum doubles as eyebrow growth booster and stimulate brow growth. Use it on your eyebrow to get thicker Fuller brows you have always dreamed off.",NA,2574.0,8.0,ounce,2.0,2.0,2.0,43730,1 every 2 days (30 Days Avg)
40,https://www.amazon.com/dp/B013X9COAS/ref=sspa_dk_detail_7?psc=1&pd_rd_i=B013X9COAS&spLa=ZW5jcnlwdGVkUXVhbGlmaWVyPUFNQUdQSjNPODhPNFEmZW5jcnlwdGVkSWQ9QTA0NjQ5NjIzR05NRU5aMkRZVUY4JmVuY3J5cHRlZEFkSWQ9QTA5OTc2OTVKMEZBVDVPTzlLSTEmd2lkZ2V0TmFtZT1zcF9kZXRhaWwmYWN0aW9uPWNsaWNrUmVkaXJlY3QmZG9Ob3RMb2dDbGljaz10cnVl,28.99,"Plaque HD Plaque Identifying Toothpaste | Plaque Disclosing Berry Bubble Gum Toothpaste with Xylitol pH Balancing Ingredients for Healthy | Gently Whitens Teeth, Reduces Inflammation","EFFICIENTLY REMOVES PLAQUE: When you brush your teeth with regular toothpaste, you don’t realize how much plaque you leave behind on a daily basis, that builds up and causes harm to your teeth. Plaque HD Identifying Toothpaste is a must have addition to your daily dental hygiene routine that identifies plaque by turning it green. Keep brushing the areas where you see green until it disappears, and enjoy healthier teeth and gums!
DEVELOPED BY DENTISTS: The Plaque HD Identifying Toothpaste, has been developed and crafted by a dentist, partnered with a leading team of chemists. This FDA-registered fluoride toothpaste provides you with a healthy and efficient way to remove plaque. Now you and your family can have fun by turning your mouth green, and brushing your way to a healthier mouth and smile. Plaque HD Toothpaste also contains xylitol, which also helps eliminate harmful bacteria on your mouth and tongue
FRESH BREATH: A healthy mouth ensures for a fresh breath, which is why Plaque HD Identifying Anti-cavity Toothpaste is a must have in your morning, evening and post-meal teeth cleaning routine. Plaque HD is made with rich natural mints, ensuring that your mouth is left with a pleasant, minty-fresh breath, so you can talk and smile with confidence, only with Plaque HD
GENTLY WHITENS TEETH: Brush your teeth with Plaque HD on a regular basis, and you’ll notice healthier gums and whiter teeth in no time. Identifying and removing plaque twice as effectively as other leading toothpastes, Plaque HD Toothpaste boasts gentle, yet effective whitening agents that allow you to enjoy brighter, whiter teeth that will dazzle your friends and family
100% CUSTOMER CONFIDENCE: We at Plaque HD are as passionate as we are confident about the quality of our products, which is why we offer a 30 day warranty on every purchase that you make. If at any point during that time you feel unsatisfied by our Plaque Identifying Toothpaste, then don’t hesitate to get in touch with us so that we can make it right","Product details
Flavor: Berry Bubble Gum
Product Dimensions: 5.9 x 1.9 x 1.9 inches ; 4.8 ounces
Shipping Weight: 4.8 ounces (View shipping rates and policies)
ASIN: B013X9COAS
UPC: 040232311178
Item model number: PRO-MINT
Average Customer Review:
67 customer reviews
Amazon Best Sellers Rank: #69,426 in Beauty & Personal Care (See Top 100 in Beauty & Personal Care)
#480 in Toothpaste
Product Warranty: For warranty information about this product, please click here
Would you like to tell us about a lower price?",133.0,4.8,ounce,5.9,1.9,1.9000000000000004,69426,1 every 6 days (30 Days Avg)
41,https://www.amazon.com/dp/B075QT29VC/ref=sspa_dk_detail_8?psc=1&pd_rd_i=B075QT29VC&spLa=ZW5jcnlwdGVkUXVhbGlmaWVyPUExSkhXOUhCUkVEUTdUJmVuY3J5cHRlZElkPUEwMDQ4OTk2Uk83SUhHMlo2UzdLJmVuY3J5cHRlZEFkSWQ9QTA5NzQyNDkyQkdMTkVPTlNJTlZXJndpZGdldE5hbWU9c3BfZGV0YWlsJmFjdGlvbj1jbGlja1JlZGlyZWN0JmRvTm90TG9nQ2xpY2s9dHJ1ZQ==,28.99,"PURA D'OR Professional Grade Conditioner Ultra Moisturizing 2X Concentrated Actives for Maximum Results, Clinically Tested, Made with Argan Oil, Men & Women, 16 Fl Oz (Packaging may vary)","HAIR THICKENING CONDITIONER: Double strength hair conditioner with double concentration of Key Active Ingredients compared to our Deep Moisturizing Conditioner. Cleanses the scalp from the leading sources of shedding and thinning hair to promote healthy scalp and thicker looking hair.
SILKY, SMOOTH HAIR: Aloe Vera and Apple Fruit Extract provide added moisture, hydration and nourishment to the hair for a silky, smooth feeling. Watch your comb or brush glide through your hair without tangled knots!
RESTORE HAIR MANAGEABILITY: Our super hydrating conditioner was developed to combat distressed, damaged hair and thinning tresses. Strengthen your hair strands and reduce frizz and brittle ends through the strengthening and protective properties of Argan Oil.
SALON-LIKE THICK HAIR: Helps remove excess sebum, oil, dirt, residue or buildup on the scalp that can clog the follicles. Our formula was developed with PURA PLEX advanced technology to ensure stronger, denser hair. Show off your extra shiny and lustrous hair!
100% SATISFACTION GUARANTEE: Healthy hair, happy customers. We offer a 100% Satisfaction Guarantee. If you are unsatisfied with thin hair conditioner, let us know and we will give you a FULL refund.","Product details
Color: Conditioner
Shipping Weight: 1.2 pounds (View shipping rates and policies)
ASIN: B075QT29VC
UPC: 851615006051
Average Customer Review:
44 customer reviews
Amazon Best Sellers Rank: #56,677 in Beauty & Personal Care (See Top 100 in Beauty & Personal Care)
#738 in Hair & Scalp Treatments
Product Warranty: For warranty information about this product, please click here
Would you like to tell us about a lower price?",62.0,1.2,pounds,2.0,2.0,2.0,56677,1 every 4 days (30 Days Avg)
42,https://www.amazon.com/dp/B07DQ6ZLLK/ref=sspa_dk_detail_9?psc=1&pd_rd_i=B07DQ6ZLLK&spLa=ZW5jcnlwdGVkUXVhbGlmaWVyPUExSkhXOUhCUkVEUTdUJmVuY3J5cHRlZElkPUEwMDQ4OTk2Uk83SUhHMlo2UzdLJmVuY3J5cHRlZEFkSWQ9QTAyNDkzMjgxQVpSVlc1S0E1QzI5JndpZGdldE5hbWU9c3BfZGV0YWlsJmFjdGlvbj1jbGlja1JlZGlyZWN0JmRvTm90TG9nQ2xpY2s9dHJ1ZQ==,32.0,Veta – Hair Stimulating Shampoo For Hair Loss – Drug Free & Sulfate Free Treatment for Men and Women – Restores Hair Growth Cycle – 1% Trichogen and 1% Follicusan – 8.5 fl. oz.,"FUNCTIONAL HAIR LOSS TREATMENT: Veta Hair Stimulating Shampoo is an extremely effective anti-aging hair loss treatment. It has been carefully formulated for men and women to combat both genetic and environmental triggers of hair thinning and loss.
PREVENTATIVE AND RESTORATIVE: This shampoo can be used before hair thinning or loss occurs, to help prevent future problems. It also can be used in the early and middle stages of hair thinning to slow hair loss and restore vitality to the scalp.
1% TRICHOGEN AND FOLLICUSAN: Veta hair loss shampoo is formulated with the most advanced and effective non-drug ingredients, including 1% concentrations of proven hair growth compounds Trichogen and Follicusan.
DRUG-FREE ALTERNATIVE: This lightweight hair growth shampoo is a drug-free, lightweight, and safe-to-use product that will leave your hair fuller, shinier, and more manageable, while stimulating new hair growth.
SALON-QUALITY SHAMPOO: Our scientifically formulated shampoo is a professional-grade product with uncompromised cosmetic benefits. It is suitable for all hair types; and is paraben-, sulfate-, phthalate-, and propylene glycol- (PPG) free.",NA,62.0,7.2,ounce,2.0,2.0,2.0,135037,1 every 29 days (30 Days Avg)
43,https://www.amazon.com/dp/B07RK4LRS4/ref=sspa_dk_detail_11?psc=1&pd_rd_i=B07RK4LRS4&spLa=ZW5jcnlwdGVkUXVhbGlmaWVyPUExSkhXOUhCUkVEUTdUJmVuY3J5cHRlZElkPUEwMDQ4OTk2Uk83SUhHMlo2UzdLJmVuY3J5cHRlZEFkSWQ9QTAzNjc3MzIxS0NOMEZMMDJEWUNBJndpZGdldE5hbWU9c3BfZGV0YWlsJmFjdGlvbj1jbGlja1JlZGlyZWN0JmRvTm90TG9nQ2xpY2s9dHJ1ZQ==,37.9,Hair Growth Shampoo and Conditioner - Natural Argan Oil with Peat Mud for Effective Hair Loss Treatment.,"✅ [HEAL THE HAIR FOLLICLES] - The fulvic acid nourishes the follicles with minerals and accelerates scalp metabolism. Argan oil helps to reduce protein loss in damaged hair by up to 58%.
✅ [FULL SOLUTION] - Get the natural shampoo and conditioner to help stop hair loss and fight dandruff. The conditioner is 50% cheaper than buying separately.
✅ [PREPARE THE SCALP FOR HAIR GROWTH] - The humic and fulvic acids in peat will deeply clean the hair roots and follicles to create a perfect environment for enhanced blood circulation that promotes hair growth. The fulvic acid also removes toxins from the scalp and heals inflammation that causes hair loss.
✅ [UNIQUE LUXURY] - Lush and creamy black liquid turning into a white lather that is loaded with bioactive substances that will deeply moisturize and nourish your scalp and hair. You can forget about dandruff.
✅ [100% MONEY BACK GUARANTEE] - If you don't get the desired results, we have a money back guarantee.","Product details
Color: Shampoo and Conditioner
Shipping Weight: 1.3 pounds (View shipping rates and policies)
ASIN: B07RK4LRS4
Average Customer Review:
60 customer reviews
Amazon Best Sellers Rank: #131,779 in Beauty & Personal Care (See Top 100 in Beauty & Personal Care)
#142 in Hair Regrowth Shampoos
Would you like to tell us about a lower price?",62.0,1.3,pounds,2.0,2.0,2.0,131779,1 every 29 days (30 Days Avg)
44,https://www.amazon.com/dp/B072FQNK4J/ref=sspa_dk_detail_4?psc=1&pd_rd_i=B072FQNK4J&pd_rd_w=lRikb&pf_rd_p=45a72588-80f7-4414-9851-786f6c16d42b&pd_rd_wg=u2JvA&pf_rd_r=1CSD8HFCNCJ3NG625BW1&pd_rd_r=adb020c8-6254-4692-b6d6-e010aefc7d87&spLa=ZW5jcnlwdGVkUXVhbGlmaWVyPUEyVTk2Q0M0QVE3N1BYJmVuY3J5cHRlZElkPUExMDA4NzE0Q0JTUlpRRFRDRlI4JmVuY3J5cHRlZEFkSWQ9QTAyOTM4NDgyTU5BMUo4V0VVWVVWJndpZGdldE5hbWU9c3BfZGV0YWlsJmFjdGlvbj1jbGlja1JlZGlyZWN0JmRvTm90TG9nQ2xpY2s9dHJ1ZQ==,40.37,ProactivMD Full Size Daily Oil Control SPF 30 & Adapalene Duo,"Oil Free
Fragrance Free
Dermatologist developed and tested",NA,1.0,4.0,ounce,6.0,3.0,6.0,25256,1 every 2 days (30 Days Avg)
45,https://www.amazon.com/dp/B07JH5C6V9/ref=sspa_dk_detail_9?psc=1&pd_rd_i=B07JH5C6V9&spLa=ZW5jcnlwdGVkUXVhbGlmaWVyPUExMFhRUExEUUNYQVdOJmVuY3J5cHRlZElkPUEwODkyMDc2MjMxSklJMzRXOElDMyZlbmNyeXB0ZWRBZElkPUEwODczNzU2M0QzQjZFSDZWRVVZVyZ3aWRnZXROYW1lPXNwX2RldGFpbCZhY3Rpb249Y2xpY2tSZWRpcmVjdCZkb05vdExvZ0NsaWNrPXRydWU=,29.99,"Tea Tree Oil Shampoo Conditioner Set - Manuka Honey, Stem Cell & Coconut - Dandruff & Scalp Acne Treatment - Soothes Itchy Scalp & Deep Conditioner - Paraben & Sulfate Free - Made in USA (8oz)","DRY & ITCHY SCALP TREATMENT. Protect your hair against dandruff with this shampoo and conditioner with tea tree oil + coconut oil for deep cleansing and conditioning.
HAIR THICKENING. It is also a stem cell shampoo that provides hair stimulation and hair growth treatment. It revitalizes hair follicles for a super shiny hair.
HAIR & SCALP PROTECTION. Protect your hair & scalp with medical grade organic and natural ingredients.
DEEP CLEANSING AND MOISTURIZING. Avoid flaky scalp and soothe eczema flare ups with its deep cleansing and hydrating properties.
FAMILY-OWNED COMPANY. 3 Generations Making Our Own Natural Products In Our USA lab – Products You Can Trust.","Product details
Size: 8 Ounce Set
Shipping Weight: 1.2 pounds (View shipping rates and policies)
ASIN: B07JH5C6V9
UPC: 713072132400
Average Customer Review:
162 customer reviews
Amazon Best Sellers Rank: #29,096 in Beauty & Personal Care (See Top 100 in Beauty & Personal Care)
#392 in Shampoo & Conditioner Sets
Product Warranty: For warranty information about this product, please click here
Would you like to tell us about a lower price?",23.0,1.2,pounds,2.0,2.0,2.0,29096,1 every 2 days (30 Days Avg)
46,https://www.amazon.com/dp/B07JH5C6V9/ref=sspa_dk_detail_9?psc=1&pd_rd_i=B07JH5C6V9&spLa=ZW5jcnlwdGVkUXVhbGlmaWVyPUEzRkFVVklISFFFR1o4JmVuY3J5cHRlZElkPUEwNDI3NjU5MTlXUFdSRVBJTUtaVSZlbmNyeXB0ZWRBZElkPUEwODczNzU2M0QzQjZFSDZWRVVZVyZ3aWRnZXROYW1lPXNwX2RldGFpbCZhY3Rpb249Y2xpY2tSZWRpcmVjdCZkb05vdExvZ0NsaWNrPXRydWU=,29.99,"Tea Tree Oil Shampoo Conditioner Set - Manuka Honey, Stem Cell & Coconut - Dandruff & Scalp Acne Treatment - Soothes Itchy Scalp & Deep Conditioner - Paraben & Sulfate Free - Made in USA (8oz)","DRY & ITCHY SCALP TREATMENT. Protect your hair against dandruff with this shampoo and conditioner with tea tree oil + coconut oil for deep cleansing and conditioning.
HAIR THICKENING. It is also a stem cell shampoo that provides hair stimulation and hair growth treatment. It revitalizes hair follicles for a super shiny hair.
HAIR & SCALP PROTECTION. Protect your hair & scalp with medical grade organic and natural ingredients.
DEEP CLEANSING AND MOISTURIZING. Avoid flaky scalp and soothe eczema flare ups with its deep cleansing and hydrating properties.
FAMILY-OWNED COMPANY. 3 Generations Making Our Own Natural Products In Our USA lab – Products You Can Trust.","Product details
Size: 8 Ounce Set
Shipping Weight: 1.2 pounds (View shipping rates and policies)
ASIN: B07JH5C6V9
UPC: 713072132400
Average Customer Review:
162 customer reviews
Amazon Best Sellers Rank: #29,096 in Beauty & Personal Care (See Top 100 in Beauty & Personal Care)
#392 in Shampoo & Conditioner Sets
Product Warranty: For warranty information about this product, please click here
Would you like to tell us about a lower price?",23.0,1.2,pounds,2.0,2.0,2.0,29096,1 every 2 days (30 Days Avg)
47,https://www.amazon.com/dp/B07VL4BPDQ/ref=sspa_dk_detail_6?psc=1&pd_rd_i=B07VL4BPDQ&spLa=ZW5jcnlwdGVkUXVhbGlmaWVyPUEyQVlNNEhaU0dMV1o4JmVuY3J5cHRlZElkPUEwNDQxMTM5MUw2VFdDWTE5Q09TVCZlbmNyeXB0ZWRBZElkPUExMDQ2ODk1QkZDSlNRV1cwS1BIJndpZGdldE5hbWU9c3BfZGV0YWlsJmFjdGlvbj1jbGlja1JlZGlyZWN0JmRvTm90TG9nQ2xpY2s9dHJ1ZQ==,39.97,"Cordless Water Flosser Teeth Cleaner The [2019] Best Water Flosser Pik, New Model, Professional Dental Water Jet BY (B. WEISS) Cordless Dental Oral Irrigator with 3 Modes For Travel, Braces & Bridges","★DEEP CLEANING - B. WEISS water flosser can be more efficient than brushing and flossing as it can reach every corner and oral point that is difficult to clean. The 360 degree rotating tip of the cordless flosser will perfectly clean your teeth and gums, remove 99.99% of plaque and give you the perfect smile you deserve.
★NO MORE Bad breath! B. WEISS Water Flosser will clean and remove 99.99% of plaque and food remains that get stuck in-between your teeth.
★PORTABLE Cordless water flosser, easy to carry, suitable for travel, travel, use anytime, anywhere. B. WEISS cordless water flosser have passed CE, ROHS and FDA certification. We offer 24 hours professional service center, 30 days full refund no questions asked, 12 months quality warranty and 24/7 technical support.
★Teeth Whitening - Research shows that daily use of water flosser clean and whitening your teeth and get them back to the Original white color,the water jet slowly clean black and yellow stains that have accumulated Over the years
★ YOU NEED TO KNOW THIS; WE'VE GOT YOUR BACK. We provide you with a 1 YEAR WARRANTY on our product so you can buy it with confidence. We also want you to know that if you have any question or if you need help, our support team is here for you 24 hours a day. So don't waste your time and click on ""Add to Cart"" and enjoy your new water flosser!",NA,23.0,1.0,pounds,2.0,2.0,2.0,25078,1 every 2 days (30 Days Avg)
48,https://www.amazon.com/dp/B001ECQ4SU/ref=sspa_dk_detail_3?psc=1&pd_rd_i=B001ECQ4SU&pd_rd_w=bJA20&pf_rd_p=45a72588-80f7-4414-9851-786f6c16d42b&pd_rd_wg=YBV22&pf_rd_r=02ESD36VCS42W8DVFHBH&pd_rd_r=126d7792-20d1-4b4b-aaf4-014e6b1b3af1&spLa=ZW5jcnlwdGVkUXVhbGlmaWVyPUExTFRHMlZOTkpEUDM0JmVuY3J5cHRlZElkPUEwNzQ4NDUwMldDQzJHMEJXS1hCRSZlbmNyeXB0ZWRBZElkPUEwMDc1MjY5MUQ2ME42UUVVQkg2SCZ3aWRnZXROYW1lPXNwX2RldGFpbCZhY3Rpb249Y2xpY2tSZWRpcmVjdCZkb05vdExvZ0NsaWNrPXRydWU=,24.79,"Dove Roll On Antiperspirant Deodorant, Powder 2.5 Ounce, (Pack of 6)","Dove Roll-On Antiperspirant Deodorant Powder 2.5 oz, provides up to 24 hours of antiperspirant protection
Contains Dove ¼ moisturizers for great underarm care
Easy-to-use roll-on deodorant
In a soft powder scent
0% alcohol (ethanol) formula helps underarms recover from shaving irritation
Dove antiperspirant deodorant glides on easily",NA,366.0,1.7,pounds,2.0,2.0,2.0,29233,1 every 2 days (30 Days Avg)
49,https://www.amazon.com/dp/B07VL4BPDQ/ref=sspa_dk_detail_6?psc=1&pd_rd_i=B07VL4BPDQ&spLa=ZW5jcnlwdGVkUXVhbGlmaWVyPUEyTUg0RU1YNEFEMDVEJmVuY3J5cHRlZElkPUEwODcxNjM4SkhKUUNDQVZaRExaJmVuY3J5cHRlZEFkSWQ9QTEwNDY4OTVCRkNKU1FXVzBLUEgmd2lkZ2V0TmFtZT1zcF9kZXRhaWwmYWN0aW9uPWNsaWNrUmVkaXJlY3QmZG9Ob3RMb2dDbGljaz10cnVl,39.97,"Cordless Water Flosser Teeth Cleaner The [2019] Best Water Flosser Pik, New Model, Professional Dental Water Jet BY (B. WEISS) Cordless Dental Oral Irrigator with 3 Modes For Travel, Braces & Bridges","★DEEP CLEANING - B. WEISS water flosser can be more efficient than brushing and flossing as it can reach every corner and oral point that is difficult to clean. The 360 degree rotating tip of the cordless flosser will perfectly clean your teeth and gums, remove 99.99% of plaque and give you the perfect smile you deserve.
★NO MORE Bad breath! B. WEISS Water Flosser will clean and remove 99.99% of plaque and food remains that get stuck in-between your teeth.
★PORTABLE Cordless water flosser, easy to carry, suitable for travel, travel, use anytime, anywhere. B. WEISS cordless water flosser have passed CE, ROHS and FDA certification. We offer 24 hours professional service center, 30 days full refund no questions asked, 12 months quality warranty and 24/7 technical support.
★Teeth Whitening - Research shows that daily use of water flosser clean and whitening your teeth and get them back to the Original white color,the water jet slowly clean black and yellow stains that have accumulated Over the years
★ YOU NEED TO KNOW THIS; WE'VE GOT YOUR BACK. We provide you with a 1 YEAR WARRANTY on our product so you can buy it with confidence. We also want you to know that if you have any question or if you need help, our support team is here for you 24 hours a day. So don't waste your time and click on ""Add to Cart"" and enjoy your new water flosser!",NA,23.0,1.0,pounds,2.0,2.0,2.0,25078,1 every 2 days (30 Days Avg)
50,https://www.amazon.com/Braun-Pulsonic-70S-Replacement-Compatible/dp/B001VEK1HQ/ref=pd_bxgy_194_2/140-8643050-4685636?_encoding=UTF8&pd_rd_i=B001VEK1HQ&pd_rd_r=90e8641b-aee1-49ba-a391-c2e3d192bf9b&pd_rd_w=nvail&pd_rd_wg=fAfey&pf_rd_p=09627863-9889-4290-b90a-5e9f86682449&pf_rd_r=9ZKMV7MJZE84NQ18P478&psc=1&refRID=9ZKMV7MJZE84NQ18P478,32.94,"Braun Pulsonic Series 7 70S Foil and Cutter Replacement Head, Compatible with Models 790cc, 7865cc, 7899cc, 7898cc, 7893s, 760cc, 797cc, 789cc","World's # 1 Foil Shaver Brand
Official Electric Shaver of the NFL
Replacement head fits Braun Series 7 (720, 760, 790, 799 and 797)
Shaver head should be replaced every eighteen months.
Replacing your razor head gives a 25% better shave. For optimum performance; clean regularly.","Product details
Size: Pack of 1
user guide [PDF] | Product Warranty: For warranty information about this product, please click here. [PDF]
Product Dimensions: 1 x 4 x 4.4 inches ; 0.16 ounces
Shipping Weight: 0.8 ounces (View shipping rates and policies)
ASIN: B001VEK1HQ
Item model number: Series 7 combi 70S/Form. 9000 PULS
Average Customer Review:
3,450 customer reviews
Amazon Best Sellers Rank: #132 in Beauty & Personal Care (See Top 100 in Beauty & Personal Care)
#1 in Men's Electric Shaver Replacement Heads
Product Warranty: For warranty information about this product, please click here. [PDF]
Would you like to tell us about a lower price?",3839.0,0.16,ounce,4.4,1.0,4.0,132,71 (30 Days Avg)
51,https://www.amazon.com/dp/B07TTYMG35/ref=sspa_dk_detail_4?psc=1&pd_rd_i=B07TTYMG35&pd_rd_w=SWbap&pf_rd_p=45a72588-80f7-4414-9851-786f6c16d42b&pd_rd_wg=YXkaX&pf_rd_r=6QWHPE6PC85J04J79FK6&pd_rd_r=6b299963-49e3-496e-b2e0-2d8a9b372507&spLa=ZW5jcnlwdGVkUXVhbGlmaWVyPUExQlBSSEpMQ1RST0lWJmVuY3J5cHRlZElkPUEwMjQ0NjQ4MUZFN001NlJBTzgzWSZlbmNyeXB0ZWRBZElkPUEwMjg2NTcxNVgwMDAzQlI0QUVTJndpZGdldE5hbWU9c3BfZGV0YWlsJmFjdGlvbj1jbGlja1JlZGlyZWN0JmRvTm90TG9nQ2xpY2s9dHJ1ZQ==,41.99,"Men’s Razor Blade Refills, 24 Count, Mens Razors/Blades","Razors for men with 5 anti-friction blades.
A shave you barely feel.
Men's razor with Precision Trimmer on back-great for hard-to-reach areas and styling facial hair.
Lubrication Strip fades when you are no longer getting an optimal shave.
5 razor blade refill equals up to one month of shaves.",NA,157.0,1.0,ounce,2.0,2.0,2.0,125741,1 every 29 days (30 Days Avg)
52,https://www.amazon.com/dp/B07G4LP19Y/ref=sspa_dk_detail_5?psc=1&pd_rd_i=B07G4LP19Y&pd_rd_w=SWbap&pf_rd_p=45a72588-80f7-4414-9851-786f6c16d42b&pd_rd_wg=YXkaX&pf_rd_r=6QWHPE6PC85J04J79FK6&pd_rd_r=6b299963-49e3-496e-b2e0-2d8a9b372507&spLa=ZW5jcnlwdGVkUXVhbGlmaWVyPUExQlBSSEpMQ1RST0lWJmVuY3J5cHRlZElkPUEwMjQ0NjQ4MUZFN001NlJBTzgzWSZlbmNyeXB0ZWRBZElkPUEwMTAwMTMwMTRIT0ZZUENOWjk4UCZ3aWRnZXROYW1lPXNwX2RldGFpbCZhY3Rpb249Y2xpY2tSZWRpcmVjdCZkb05vdExvZ0NsaWNrPXRydWU=,24.99,"Men’s Razor Blade Refills, 12 Count, Mens Razors/Blades","Razors for men with 5 anti-friction blades.
A shave you barely feel.
Men's razor with Precision Trimmer on back-great for hard-to-reach areas and styling facial hair.
Lubrication Strip fades when you are no longer getting an optimal shave.
5 razor blade refill equals up to one month of shaves.",NA,157.0,3.2,ounce,6.0,1.0,3.5,44936,1 every 2 days (30 Days Avg)
53,https://www.amazon.com/dp/B00570KYBS/ref=sspa_dk_detail_9?psc=1&pd_rd_i=B00570KYBS&spLa=ZW5jcnlwdGVkUXVhbGlmaWVyPUFZUTdDMVdVT0tCN1AmZW5jcnlwdGVkSWQ9QTAzNDM2MTExVTdTNFZNWE1QT1Y2JmVuY3J5cHRlZEFkSWQ9QTA1MzE2ODIyRDVDU1FMS0o3NERQJndpZGdldE5hbWU9c3BfZGV0YWlsJmFjdGlvbj1jbGlja1JlZGlyZWN0JmRvTm90TG9nQ2xpY2s9dHJ1ZQ==,31.99,Black Metal Triple Blade Razor from Parker Safety Razor - Accepts Mach 3 and Gillette3 Blades,"Deluxe metal handle for a sure grip
Genuine brass frame for durability
One Gillette Mach 3 razor blade is included
A genuine Parker Safety Razor product! For over 40 years, Parker's razors have been imitated, but never duplicated",NA,157.0,2.4,ounce,6.0,1.0,1.0,190457,0 (30 Days Avg)
54,https://www.amazon.com/dp/B07SB1674H/ref=sspa_dk_detail_9?psc=1&pd_rd_i=B07SB1674H&pd_rd_w=XEXZC&pf_rd_p=45a72588-80f7-4414-9851-786f6c16d42b&pd_rd_wg=ykk13&pf_rd_r=D7JZ7TVA9GS3KTW41ZCQ&pd_rd_r=a315155e-3dcb-42cc-a13a-9cbe92f208a1&smid=A3M3ES4900MNZY&spLa=ZW5jcnlwdGVkUXVhbGlmaWVyPUExOUY2UFdCU0lWMkI0JmVuY3J5cHRlZElkPUEwMzg0ODkxM1BZT1lMOUhFN09IUCZlbmNyeXB0ZWRBZElkPUEwMjQwNDIwMUhaNUtRVUlRQ0ZVSSZ3aWRnZXROYW1lPXNwX2RldGFpbCZhY3Rpb249Y2xpY2tSZWRpcmVjdCZkb05vdExvZ0NsaWNrPXRydWU=,31.95,"KEMEI Electric Shaver Razor for Men Bald Head Shaver 5 in 1 Kit Hair Clippers Nose Hair Trimmer, Hair Razor for a Perfect Bald Look, Cordless and Waterproof Quick USB Rechargeable","Ergonomic design: It allows for a more controlled shave experience, with five head shaving and compact size, easy to handle and store. And the flexing shaver neck provides smooth transition from neck to face for ultimate contact.
MULTIFUNCTIONAL GROOMING KIT:Includes five attachments: Gentle bristle brush and soft face sponge for daily cleansing; High performance five head rotary shaver delivering a close result; Precision trimmer and nose & ear trimmer for those finishing touches on beards, mustaches, sideburns and more.One-Button Operation to operate.
FLOATING ULTRA-ADVANCED SHAVING HEAD: High Performance Rotary Shaver contours to every angle of your face comfortably follows to shave any length of hair evenly Achieve your look, your style.Smooth shave to reduce irritation.
IPX7 waterproof design: The razor can be totally put into water. Shaving with soap or cream will gain better shaving result. Convenient to clean it under the fauce
Good Gift & Satisfaction Guarantee: Best gifts for men/dad/husband/boyfriend for Thanksgiving, Christmas, New Year and other holidays for haircutting and beard trimming. Get your family looking great and save money. We provide the 90 days MONEY BACK GUARANTEE and 365 DAYS worry-free warranty. If you have any problem or suggestion, please kindly contact us freely",NA,14.0,12.6,ounce,2.0,2.0,2.0,50756,1 every 3 days (30 Days Avg)
55,https://www.amazon.com/dp/B082666Z1C/ref=sspa_dk_detail_1?psc=1&spLa=ZW5jcnlwdGVkUXVhbGlmaWVyPUEzUjRWRkoyRFZJRkc5JmVuY3J5cHRlZElkPUEwMjU3MzAxMVQ2WVI3UTEyQVZGSiZlbmNyeXB0ZWRBZElkPUEwNzc5OTc4MjA0RERXNzZMNzZBOCZ3aWRnZXROYW1lPXNwX2RldGFpbDImYWN0aW9uPWNsaWNrUmVkaXJlY3QmZG9Ob3RMb2dDbGljaz10cnVl,30.0,Honest Amish Beard Kit Gift Box,"Perfect gift for the bearded man
Beard wax, oil, balm, and comb
The best selling natural beard products in the world
Softens, conditions, holds, and maintains beard growth
Great stocking stuffer and gift for dad",NA,108.0,1.0,ounce,2.0,2.0,2.0,20429,1 (30 Days Avg)
56,https://www.amazon.com/dp/B01N6BYJWE/ref=sspa_dk_detail_9?psc=1&spLa=ZW5jcnlwdGVkUXVhbGlmaWVyPUEzUjRWRkoyRFZJRkc5JmVuY3J5cHRlZElkPUEwMjU3MzAxMVQ2WVI3UTEyQVZGSiZlbmNyeXB0ZWRBZElkPUEwMTc5ODY1WjdBRjhQNDNROVVWJndpZGdldE5hbWU9c3BfZGV0YWlsMiZhY3Rpb249Y2xpY2tSZWRpcmVjdCZkb05vdExvZ0NsaWNrPXRydWU=,21.95,Zeus Conditioning Beard Balm for Men - 2 Oz - Natural Softening Conditioner for Facial Hair (Verbena Lime),"MADE IN CALIFORNIA: USA born and bred, using only the best natural ingredients!
SCENT: Balm now available in our refreshing yet subtle Verbena Lime scent!
BEARD BALM: Conditioning balm for softer and more manageable facial hair!
SOFTENS: Natural ingredients such as Sunflower Seed work to soften whiskers!
PREVENT ITCH: Natural moisturizing ingredients like Shea Butter and Aloe Vera.","Product details
Color: Verbena Lime | Size: 2 Ounce
Product Dimensions: 2.8 x 2.8 x 1 inches
Shipping Weight: 2.4 ounces (View shipping rates and policies)
Domestic Shipping: Currently, item can be shipped only within the U.S. and to APO/FPO addresses. For APO/FPO shipments, please check with the manufacturer regarding warranty and support issues.
International Shipping: This item can be shipped to select countries outside of the U.S. Learn More
ASIN: B01N6BYJWE
UPC: 857211005658
Average Customer Review:
54 customer reviews
Amazon Best Sellers Rank: #52,032 in Beauty & Personal Care (See Top 100 in Beauty & Personal Care)
#322 in Beard Conditioners & Oils
Product Warranty: For warranty information about this product, please click here
Would you like to tell us about a lower price?",108.0,2.4,ounce,2.8,1.0,2.8,52032,1 every 3 days (30 Days Avg)
57,https://www.amazon.com/dp/B00EVUZLW2/ref=sspa_dk_detail_2?psc=1&pd_rd_i=B00EVUZLW2&pd_rd_w=zR314&pf_rd_p=45a72588-80f7-4414-9851-786f6c16d42b&pd_rd_wg=NcB0m&pf_rd_r=1Z4NP14E2NN52J4T92WZ&pd_rd_r=9ee3234d-b972-4066-9415-2bea038b15ee&spLa=ZW5jcnlwdGVkUXVhbGlmaWVyPUEyRExYQVkwRVZXOU5ZJmVuY3J5cHRlZElkPUEwMjEwOTQ2TVhBTExZWkJFQzVWJmVuY3J5cHRlZEFkSWQ9QTAxNTk3MTIxNUtVOU41R0tDUDRIJndpZGdldE5hbWU9c3BfZGV0YWlsJmFjdGlvbj1jbGlja1JlZGlyZWN0JmRvTm90TG9nQ2xpY2s9dHJ1ZQ==,31.89,"Doctor Plotka's Mouthwatchers Antimicrobial Floss Bristle Silver Toothbrush, Adult, 8 Pack","Bacteria on a toothbrush multiplies at an alarming rate, Doubling Every 20 Minutes; Between uses your toothbrush can grow up to 100 million micro organisms
Doctor Plotka’s Proprietary Silver Bristle Technology Naturally Eliminates 99.9 % of Bacteria in 6 hours; Bacteria simply cannot survive on this toothbrush
Using this antibacterial toothbrush is like using a sterile toothbrush every single time you brush; Once you try this manual toothbrush, you will never switch back
Scientifically Designed Two-Tiered Revolutionary Flossing Bristles measure just 1 micrometer at the tip; Long Soft Bristles remove plaque in areas that a standard toothbrush cannot reach
These High Quality adult toothbrushes are constructed with ergonomic comfort grip handles; 8 pack of toothbrushes; Colors may vary","Product details
Size: 8 pack
Product Dimensions: 7.2 x 0.6 x 0.8 inches ; 0.96 ounces
Shipping Weight: 7.2 ounces (View shipping rates and policies)
ASIN: B00EVUZLW2
UPC: 899247002287
Item model number: No Model
Average Customer Review:
51 customer reviews
Amazon Best Sellers Rank: #87,767 in Beauty & Personal Care (See Top 100 in Beauty & Personal Care)
#457 in Manual Toothbrushes
Would you like to tell us about a lower price?",83.0,0.96,ounce,7.2,0.6,0.7999999999999998,87767,1 every 10 days (30 Days Avg)
58,https://www.amazon.com/BaBylissPRO-Titanium-Spring-Curling-Count/dp/B0047WYSRI/ref=pd_bxgy_194_3/140-8643050-4685636?_encoding=UTF8&pd_rd_i=B0047WYSRI&pd_rd_r=6e09f923-9888-4c17-99be-8b03db8316a8&pd_rd_w=2qSin&pd_rd_wg=DNPbm&pf_rd_p=09627863-9889-4290-b90a-5e9f86682449&pf_rd_r=4H27QCERC5NV8SY5Y6ZR&psc=1&refRID=4H27QCERC5NV8SY5Y6ZR,49.99,NA,NA,NA,1751.0,1.3,pounds,12.0,1.5,3.1999999999999993,2565,10 (30 Days Avg)
59,https://www.amazon.com/dp/B00N18RIAS/ref=sspa_dk_detail_3?psc=1&pd_rd_i=B00N18RIAS&spLa=ZW5jcnlwdGVkUXVhbGlmaWVyPUEzSkJPMDdCVDg1RU5PJmVuY3J5cHRlZElkPUEwNzE5MDY1MkVRTjNZNkVFRFFKTCZlbmNyeXB0ZWRBZElkPUEwODc0Nzg2M1I4TlBQUkIxWTJYMyZ3aWRnZXROYW1lPXNwX2RldGFpbCZhY3Rpb249Y2xpY2tSZWRpcmVjdCZkb05vdExvZ0NsaWNrPXRydWU=,49.99,Kiss products Ceramic Instawave 1” Automatic Curling Iron,"Kiss Ceramic Instawave automatic hair curler is the perfect styling tool for those who just can’t style with conventional curling irons and wands.
Patented Curl Dial has ridges/prongs that act as combs which smooth and detangle hair as it curls
The ceramic ionic technology fosters healthy, shiny salon style curls or waves with less frizz and damage with just a touch of a button
Your hands are never near the hot iron so there is no need for a heat resistant glove. Ensure hair is clean, completely dry and combed before using this curling tool
Kiss automatic hair curler has two heat settings that can reach up to 420 ° F. It also has an auto shut off after 90 minutes of use. Comes with 2 year limited warranty.",NA,8.0,1.2,pounds,2.0,2.0,2.0,1645,16 (30 Days Avg)
60,https://www.amazon.com/dp/B01BCUGB4A/ref=sspa_dk_detail_8?psc=1&pd_rd_i=B01BCUGB4A&pd_rd_w=fCcGT&pf_rd_p=45a72588-80f7-4414-9851-786f6c16d42b&pd_rd_wg=1IVdd&pf_rd_r=R3M6Z1QTZ2VD9R0P16MW&pd_rd_r=8dbc5d77-5feb-4fcd-ae9a-440ab3450de8&spLa=ZW5jcnlwdGVkUXVhbGlmaWVyPUFRU04wVlJQRlZBR1QmZW5jcnlwdGVkSWQ9QTA3Mjk1ODYzUDQzWDNLUzlWSVVNJmVuY3J5cHRlZEFkSWQ9QTAwODA2NDkxRzlPUFBHWUNWSjRJJndpZGdldE5hbWU9c3BfZGV0YWlsJmFjdGlvbj1jbGlja1JlZGlyZWN0JmRvTm90TG9nQ2xpY2s9dHJ1ZQ==,22.0,NA,NA,NA,46.0,0.6,ounce,5.2,0.8,0.7999999999999998,34533,1 every 2 days (30 Days Avg)
61,https://www.amazon.com/dp/B06XC7MR9J/ref=sspa_dk_detail_8?psc=1&pd_rd_i=B06XC7MR9J&spLa=ZW5jcnlwdGVkUXVhbGlmaWVyPUFXMEVJWExXRFk1NDgmZW5jcnlwdGVkSWQ9QTA1OTkzMTYxMEM4TlROVlA0VkNLJmVuY3J5cHRlZEFkSWQ9QTAxOTExMDUyRzNDT0JLRjg0Q0lGJndpZGdldE5hbWU9c3BfZGV0YWlsJmFjdGlvbj1jbGlja1JlZGlyZWN0JmRvTm90TG9nQ2xpY2s9dHJ1ZQ==,29.99,Liquid Eyeliner. VELVET ALL DAY WATERPROOF Liquid Eye Liner PENS. Smudge Proof. 6 Colors to Choose from. (3 pack)- (black),"WATERPROOF EYELINER: INCLUDES 3 PENS. New direct ink system. Velvet is so easy to use! You will look like a make-up artist put on your eyeliner after you’re done.
Liquid Eyeliner Pen with a Velvet tip applicator brush is the perfect texture to allow for maximum control and the amount of product that comes out is regulated perfectly. One pen should last for months.
Velvet Eyeliner Pens are water based liquid liner. Tapered, soft tip gives you the advantage of creating either bold lines for a dramatic look or very thin lines for a classic, elegant look.
Eye Liner by Velvet is a long lasting quick dry formula. Velvet is the only liquid eyeliner with precision control tip. This liquid eyeliner is amazingly easy to apply.
Smudge Free and Smudge Proof Liquid Eyeliner with the revolutionary Velvet Tip for smooth application..no skipping, dragging or pulling!","Product details
Color: black
Shipping Weight: 1.1 ounces (View shipping rates and policies)
ASIN: B06XC7MR9J
UPC: 798762897579
Average Customer Review:
45 customer reviews
Amazon Best Sellers Rank: #207,452 in Beauty & Personal Care (See Top 100 in Beauty & Personal Care)
#1824 in Eye Liners
Product Warranty: For warranty information about this product, please click here
Would you like to tell us about a lower price?",46.0,1.1,ounce,2.0,2.0,2.0,207452,0 (30 Days Avg)
